"year","doy","hour","SolarR","Temp","RH","WS","precip"
2020,1,0,0,22,0.555,0,0.000462963
2020,1,1,0,22,0.555,0,0
2020,1,2,0,22,0.555,0,0
2020,1,3,0,22,0.555,0,0
2020,1,4,0,22,0.555,0,0
2020,1,5,0,22,0.555,0,0
2020,1,6,0,22,0.555,0,0
2020,1,7,0,22,0.555,0,0
2020,1,8,430,31,0.555,0,0
2020,1,9,430,31,0.555,0,0
2020,1,10,430,31,0.555,0,0
2020,1,11,430,31,0.555,0,0
2020,1,12,430,31,0.555,0,0
2020,1,13,430,31,0.555,0,0
2020,1,14,430,31,0.555,0,0
2020,1,15,430,31,0.555,0,0
2020,1,16,430,31,0.555,0,0
2020,1,17,430,31,0.555,0,0
2020,1,18,430,31,0.555,0,0
2020,1,19,430,31,0.555,0,0
2020,1,20,0,22,0.555,0,0
2020,1,21,0,22,0.555,0,0
2020,1,22,0,22,0.555,0,0
2020,1,23,0,22,0.555,0,0
2020,2,0,0,22,0.555,0,0.000462963
2020,2,1,0,22,0.555,0,0
2020,2,2,0,22,0.555,0,0
2020,2,3,0,22,0.555,0,0
2020,2,4,0,22,0.555,0,0
2020,2,5,0,22,0.555,0,0
2020,2,6,0,22,0.555,0,0
2020,2,7,0,22,0.555,0,0
2020,2,8,430,31,0.555,0,0
2020,2,9,430,31,0.555,0,0
2020,2,10,430,31,0.555,0,0
2020,2,11,430,31,0.555,0,0
2020,2,12,430,31,0.555,0,0
2020,2,13,430,31,0.555,0,0
2020,2,14,430,31,0.555,0,0
2020,2,15,430,31,0.555,0,0
2020,2,16,430,31,0.555,0,0
2020,2,17,430,31,0.555,0,0
2020,2,18,430,31,0.555,0,0
2020,2,19,430,31,0.555,0,0
2020,2,20,0,22,0.555,0,0
2020,2,21,0,22,0.555,0,0
2020,2,22,0,22,0.555,0,0
2020,2,23,0,22,0.555,0,0
2020,3,0,0,22,0.555,0,0.000462963
2020,3,1,0,22,0.555,0,0
2020,3,2,0,22,0.555,0,0
2020,3,3,0,22,0.555,0,0
2020,3,4,0,22,0.555,0,0
2020,3,5,0,22,0.555,0,0
2020,3,6,0,22,0.555,0,0
2020,3,7,0,22,0.555,0,0
2020,3,8,430,31,0.555,0,0
2020,3,9,430,31,0.555,0,0
2020,3,10,430,31,0.555,0,0
2020,3,11,430,31,0.555,0,0
2020,3,12,430,31,0.555,0,0
2020,3,13,430,31,0.555,0,0
2020,3,14,430,31,0.555,0,0
2020,3,15,430,31,0.555,0,0
2020,3,16,430,31,0.555,0,0
2020,3,17,430,31,0.555,0,0
2020,3,18,430,31,0.555,0,0
2020,3,19,430,31,0.555,0,0
2020,3,20,0,22,0.555,0,0
2020,3,21,0,22,0.555,0,0
2020,3,22,0,22,0.555,0,0
2020,3,23,0,22,0.555,0,0
2020,4,0,0,22,0.555,0,0.000462963
2020,4,1,0,22,0.555,0,0
2020,4,2,0,22,0.555,0,0
2020,4,3,0,22,0.555,0,0
2020,4,4,0,22,0.555,0,0
2020,4,5,0,22,0.555,0,0
2020,4,6,0,22,0.555,0,0
2020,4,7,0,22,0.555,0,0
2020,4,8,430,31,0.555,0,0
2020,4,9,430,31,0.555,0,0
2020,4,10,430,31,0.555,0,0
2020,4,11,430,31,0.555,0,0
2020,4,12,430,31,0.555,0,0
2020,4,13,430,31,0.555,0,0
2020,4,14,430,31,0.555,0,0
2020,4,15,430,31,0.555,0,0
2020,4,16,430,31,0.555,0,0
2020,4,17,430,31,0.555,0,0
2020,4,18,430,31,0.555,0,0
2020,4,19,430,31,0.555,0,0
2020,4,20,0,22,0.555,0,0
2020,4,21,0,22,0.555,0,0
2020,4,22,0,22,0.555,0,0
2020,4,23,0,22,0.555,0,0
2020,5,0,0,22,0.555,0,0.000462963
2020,5,1,0,22,0.555,0,0
2020,5,2,0,22,0.555,0,0
2020,5,3,0,22,0.555,0,0
2020,5,4,0,22,0.555,0,0
2020,5,5,0,22,0.555,0,0
2020,5,6,0,22,0.555,0,0
2020,5,7,0,22,0.555,0,0
2020,5,8,430,31,0.555,0,0
2020,5,9,430,31,0.555,0,0
2020,5,10,430,31,0.555,0,0
2020,5,11,430,31,0.555,0,0
2020,5,12,430,31,0.555,0,0
2020,5,13,430,31,0.555,0,0
2020,5,14,430,31,0.555,0,0
2020,5,15,430,31,0.555,0,0
2020,5,16,430,31,0.555,0,0
2020,5,17,430,31,0.555,0,0
2020,5,18,430,31,0.555,0,0
2020,5,19,430,31,0.555,0,0
2020,5,20,0,22,0.555,0,0
2020,5,21,0,22,0.555,0,0
2020,5,22,0,22,0.555,0,0
2020,5,23,0,22,0.555,0,0
2020,6,0,0,22,0.555,0,0.000462963
2020,6,1,0,22,0.555,0,0
2020,6,2,0,22,0.555,0,0
2020,6,3,0,22,0.555,0,0
2020,6,4,0,22,0.555,0,0
2020,6,5,0,22,0.555,0,0
2020,6,6,0,22,0.555,0,0
2020,6,7,0,22,0.555,0,0
2020,6,8,430,31,0.555,0,0
2020,6,9,430,31,0.555,0,0
2020,6,10,430,31,0.555,0,0
2020,6,11,430,31,0.555,0,0
2020,6,12,430,31,0.555,0,0
2020,6,13,430,31,0.555,0,0
2020,6,14,430,31,0.555,0,0
2020,6,15,430,31,0.555,0,0
2020,6,16,430,31,0.555,0,0
2020,6,17,430,31,0.555,0,0
2020,6,18,430,31,0.555,0,0
2020,6,19,430,31,0.555,0,0
2020,6,20,0,22,0.555,0,0
2020,6,21,0,22,0.555,0,0
2020,6,22,0,22,0.555,0,0
2020,6,23,0,22,0.555,0,0
2020,7,0,0,22,0.555,0,0.000462963
2020,7,1,0,22,0.555,0,0
2020,7,2,0,22,0.555,0,0
2020,7,3,0,22,0.555,0,0
2020,7,4,0,22,0.555,0,0
2020,7,5,0,22,0.555,0,0
2020,7,6,0,22,0.555,0,0
2020,7,7,0,22,0.555,0,0
2020,7,8,430,31,0.555,0,0
2020,7,9,430,31,0.555,0,0
2020,7,10,430,31,0.555,0,0
2020,7,11,430,31,0.555,0,0
2020,7,12,430,31,0.555,0,0
2020,7,13,430,31,0.555,0,0
2020,7,14,430,31,0.555,0,0
2020,7,15,430,31,0.555,0,0
2020,7,16,430,31,0.555,0,0
2020,7,17,430,31,0.555,0,0
2020,7,18,430,31,0.555,0,0
2020,7,19,430,31,0.555,0,0
2020,7,20,0,22,0.555,0,0
2020,7,21,0,22,0.555,0,0
2020,7,22,0,22,0.555,0,0
2020,7,23,0,22,0.555,0,0
2020,8,0,0,22,0.555,0,0.000462963
2020,8,1,0,22,0.555,0,0
2020,8,2,0,22,0.555,0,0
2020,8,3,0,22,0.555,0,0
2020,8,4,0,22,0.555,0,0
2020,8,5,0,22,0.555,0,0
2020,8,6,0,22,0.555,0,0
2020,8,7,0,22,0.555,0,0
2020,8,8,430,31,0.555,0,0
2020,8,9,430,31,0.555,0,0
2020,8,10,430,31,0.555,0,0
2020,8,11,430,31,0.555,0,0
2020,8,12,430,31,0.555,0,0
2020,8,13,430,31,0.555,0,0
2020,8,14,430,31,0.555,0,0
2020,8,15,430,31,0.555,0,0
2020,8,16,430,31,0.555,0,0
2020,8,17,430,31,0.555,0,0
2020,8,18,430,31,0.555,0,0
2020,8,19,430,31,0.555,0,0
2020,8,20,0,22,0.555,0,0
2020,8,21,0,22,0.555,0,0
2020,8,22,0,22,0.555,0,0
2020,8,23,0,22,0.555,0,0
2020,9,0,0,22,0.555,0,0.000462963
2020,9,1,0,22,0.555,0,0
2020,9,2,0,22,0.555,0,0
2020,9,3,0,22,0.555,0,0
2020,9,4,0,22,0.555,0,0
2020,9,5,0,22,0.555,0,0
2020,9,6,0,22,0.555,0,0
2020,9,7,0,22,0.555,0,0
2020,9,8,430,31,0.555,0,0
2020,9,9,430,31,0.555,0,0
2020,9,10,430,31,0.555,0,0
2020,9,11,430,31,0.555,0,0
2020,9,12,430,31,0.555,0,0
2020,9,13,430,31,0.555,0,0
2020,9,14,430,31,0.555,0,0
2020,9,15,430,31,0.555,0,0
2020,9,16,430,31,0.555,0,0
2020,9,17,430,31,0.555,0,0
2020,9,18,430,31,0.555,0,0
2020,9,19,430,31,0.555,0,0
2020,9,20,0,22,0.555,0,0
2020,9,21,0,22,0.555,0,0
2020,9,22,0,22,0.555,0,0
2020,9,23,0,22,0.555,0,0
2020,10,0,0,22,0.555,0,0.000462963
2020,10,1,0,22,0.555,0,0
2020,10,2,0,22,0.555,0,0
2020,10,3,0,22,0.555,0,0
2020,10,4,0,22,0.555,0,0
2020,10,5,0,22,0.555,0,0
2020,10,6,0,22,0.555,0,0
2020,10,7,0,22,0.555,0,0
2020,10,8,430,31,0.555,0,0
2020,10,9,430,31,0.555,0,0
2020,10,10,430,31,0.555,0,0
2020,10,11,430,31,0.555,0,0
2020,10,12,430,31,0.555,0,0
2020,10,13,430,31,0.555,0,0
2020,10,14,430,31,0.555,0,0
2020,10,15,430,31,0.555,0,0
2020,10,16,430,31,0.555,0,0
2020,10,17,430,31,0.555,0,0
2020,10,18,430,31,0.555,0,0
2020,10,19,430,31,0.555,0,0
2020,10,20,0,22,0.555,0,0
2020,10,21,0,22,0.555,0,0
2020,10,22,0,22,0.555,0,0
2020,10,23,0,22,0.555,0,0
2020,11,0,0,22,0.555,0,0.000462963
2020,11,1,0,22,0.555,0,0
2020,11,2,0,22,0.555,0,0
2020,11,3,0,22,0.555,0,0
2020,11,4,0,22,0.555,0,0
2020,11,5,0,22,0.555,0,0
2020,11,6,0,22,0.555,0,0
2020,11,7,0,22,0.555,0,0
2020,11,8,430,31,0.555,0,0
2020,11,9,430,31,0.555,0,0
2020,11,10,430,31,0.555,0,0
2020,11,11,430,31,0.555,0,0
2020,11,12,430,31,0.555,0,0
2020,11,13,430,31,0.555,0,0
2020,11,14,430,31,0.555,0,0
2020,11,15,430,31,0.555,0,0
2020,11,16,430,31,0.555,0,0
2020,11,17,430,31,0.555,0,0
2020,11,18,430,31,0.555,0,0
2020,11,19,430,31,0.555,0,0
2020,11,20,0,22,0.555,0,0
2020,11,21,0,22,0.555,0,0
2020,11,22,0,22,0.555,0,0
2020,11,23,0,22,0.555,0,0
2020,12,0,0,22,0.555,0,0.000462963
2020,12,1,0,22,0.555,0,0
2020,12,2,0,22,0.555,0,0
2020,12,3,0,22,0.555,0,0
2020,12,4,0,22,0.555,0,0
2020,12,5,0,22,0.555,0,0
2020,12,6,0,22,0.555,0,0
2020,12,7,0,22,0.555,0,0
2020,12,8,430,31,0.555,0,0
2020,12,9,430,31,0.555,0,0
2020,12,10,430,31,0.555,0,0
2020,12,11,430,31,0.555,0,0
2020,12,12,430,31,0.555,0,0
2020,12,13,430,31,0.555,0,0
2020,12,14,430,31,0.555,0,0
2020,12,15,430,31,0.555,0,0
2020,12,16,430,31,0.555,0,0
2020,12,17,430,31,0.555,0,0
2020,12,18,430,31,0.555,0,0
2020,12,19,430,31,0.555,0,0
2020,12,20,0,22,0.555,0,0
2020,12,21,0,22,0.555,0,0
2020,12,22,0,22,0.555,0,0
2020,12,23,0,22,0.555,0,0
2020,13,0,0,22,0.555,0,0.000462963
2020,13,1,0,22,0.555,0,0
2020,13,2,0,22,0.555,0,0
2020,13,3,0,22,0.555,0,0
2020,13,4,0,22,0.555,0,0
2020,13,5,0,22,0.555,0,0
2020,13,6,0,22,0.555,0,0
2020,13,7,0,22,0.555,0,0
2020,13,8,430,31,0.555,0,0
2020,13,9,430,31,0.555,0,0
2020,13,10,430,31,0.555,0,0
2020,13,11,430,31,0.555,0,0
2020,13,12,430,31,0.555,0,0
2020,13,13,430,31,0.555,0,0
2020,13,14,430,31,0.555,0,0
2020,13,15,430,31,0.555,0,0
2020,13,16,430,31,0.555,0,0
2020,13,17,430,31,0.555,0,0
2020,13,18,430,31,0.555,0,0
2020,13,19,430,31,0.555,0,0
2020,13,20,0,22,0.555,0,0
2020,13,21,0,22,0.555,0,0
2020,13,22,0,22,0.555,0,0
2020,13,23,0,22,0.555,0,0
2020,14,0,0,22,0.555,0,0.000462963
2020,14,1,0,22,0.555,0,0
2020,14,2,0,22,0.555,0,0
2020,14,3,0,22,0.555,0,0
2020,14,4,0,22,0.555,0,0
2020,14,5,0,22,0.555,0,0
2020,14,6,0,22,0.555,0,0
2020,14,7,0,22,0.555,0,0
2020,14,8,430,31,0.555,0,0
2020,14,9,430,31,0.555,0,0
2020,14,10,430,31,0.555,0,0
2020,14,11,430,31,0.555,0,0
2020,14,12,430,31,0.555,0,0
2020,14,13,430,31,0.555,0,0
2020,14,14,430,31,0.555,0,0
2020,14,15,430,31,0.555,0,0
2020,14,16,430,31,0.555,0,0
2020,14,17,430,31,0.555,0,0
2020,14,18,430,31,0.555,0,0
2020,14,19,430,31,0.555,0,0
2020,14,20,0,22,0.555,0,0
2020,14,21,0,22,0.555,0,0
2020,14,22,0,22,0.555,0,0
2020,14,23,0,22,0.555,0,0
2020,15,0,0,22,0.555,0,0.000462963
2020,15,1,0,22,0.555,0,0
2020,15,2,0,22,0.555,0,0
2020,15,3,0,22,0.555,0,0
2020,15,4,0,22,0.555,0,0
2020,15,5,0,22,0.555,0,0
2020,15,6,0,22,0.555,0,0
2020,15,7,0,22,0.555,0,0
2020,15,8,430,31,0.555,0,0
2020,15,9,430,31,0.555,0,0
2020,15,10,430,31,0.555,0,0
2020,15,11,430,31,0.555,0,0
2020,15,12,430,31,0.555,0,0
2020,15,13,430,31,0.555,0,0
2020,15,14,430,31,0.555,0,0
2020,15,15,430,31,0.555,0,0
2020,15,16,430,31,0.555,0,0
2020,15,17,430,31,0.555,0,0
2020,15,18,430,31,0.555,0,0
2020,15,19,430,31,0.555,0,0
2020,15,20,0,22,0.555,0,0
2020,15,21,0,22,0.555,0,0
2020,15,22,0,22,0.555,0,0
2020,15,23,0,22,0.555,0,0
2020,16,0,0,22,0.555,0,0.000462963
2020,16,1,0,22,0.555,0,0
2020,16,2,0,22,0.555,0,0
2020,16,3,0,22,0.555,0,0
2020,16,4,0,22,0.555,0,0
2020,16,5,0,22,0.555,0,0
2020,16,6,0,22,0.555,0,0
2020,16,7,0,22,0.555,0,0
2020,16,8,430,31,0.555,0,0
2020,16,9,430,31,0.555,0,0
2020,16,10,430,31,0.555,0,0
2020,16,11,430,31,0.555,0,0
2020,16,12,430,31,0.555,0,0
2020,16,13,430,31,0.555,0,0
2020,16,14,430,31,0.555,0,0
2020,16,15,430,31,0.555,0,0
2020,16,16,430,31,0.555,0,0
2020,16,17,430,31,0.555,0,0
2020,16,18,430,31,0.555,0,0
2020,16,19,430,31,0.555,0,0
2020,16,20,0,22,0.555,0,0
2020,16,21,0,22,0.555,0,0
2020,16,22,0,22,0.555,0,0
2020,16,23,0,22,0.555,0,0
2020,17,0,0,22,0.555,0,0.000462963
2020,17,1,0,22,0.555,0,0
2020,17,2,0,22,0.555,0,0
2020,17,3,0,22,0.555,0,0
2020,17,4,0,22,0.555,0,0
2020,17,5,0,22,0.555,0,0
2020,17,6,0,22,0.555,0,0
2020,17,7,0,22,0.555,0,0
2020,17,8,430,31,0.555,0,0
2020,17,9,430,31,0.555,0,0
2020,17,10,430,31,0.555,0,0
2020,17,11,430,31,0.555,0,0
2020,17,12,430,31,0.555,0,0
2020,17,13,430,31,0.555,0,0
2020,17,14,430,31,0.555,0,0
2020,17,15,430,31,0.555,0,0
2020,17,16,430,31,0.555,0,0
2020,17,17,430,31,0.555,0,0
2020,17,18,430,31,0.555,0,0
2020,17,19,430,31,0.555,0,0
2020,17,20,0,22,0.555,0,0
2020,17,21,0,22,0.555,0,0
2020,17,22,0,22,0.555,0,0
2020,17,23,0,22,0.555,0,0
2020,18,0,0,22,0.555,0,0.000462963
2020,18,1,0,22,0.555,0,0
2020,18,2,0,22,0.555,0,0
2020,18,3,0,22,0.555,0,0
2020,18,4,0,22,0.555,0,0
2020,18,5,0,22,0.555,0,0
2020,18,6,0,22,0.555,0,0
2020,18,7,0,22,0.555,0,0
2020,18,8,430,31,0.555,0,0
2020,18,9,430,31,0.555,0,0
2020,18,10,430,31,0.555,0,0
2020,18,11,430,31,0.555,0,0
2020,18,12,430,31,0.555,0,0
2020,18,13,430,31,0.555,0,0
2020,18,14,430,31,0.555,0,0
2020,18,15,430,31,0.555,0,0
2020,18,16,430,31,0.555,0,0
2020,18,17,430,31,0.555,0,0
2020,18,18,430,31,0.555,0,0
2020,18,19,430,31,0.555,0,0
2020,18,20,0,22,0.555,0,0
2020,18,21,0,22,0.555,0,0
2020,18,22,0,22,0.555,0,0
2020,18,23,0,22,0.555,0,0
2020,19,0,0,22,0.555,0,0.000462963
2020,19,1,0,22,0.555,0,0
2020,19,2,0,22,0.555,0,0
2020,19,3,0,22,0.555,0,0
2020,19,4,0,22,0.555,0,0
2020,19,5,0,22,0.555,0,0
2020,19,6,0,22,0.555,0,0
2020,19,7,0,22,0.555,0,0
2020,19,8,430,31,0.555,0,0
2020,19,9,430,31,0.555,0,0
2020,19,10,430,31,0.555,0,0
2020,19,11,430,31,0.555,0,0
2020,19,12,430,31,0.555,0,0
2020,19,13,430,31,0.555,0,0
2020,19,14,430,31,0.555,0,0
2020,19,15,430,31,0.555,0,0
2020,19,16,430,31,0.555,0,0
2020,19,17,430,31,0.555,0,0
2020,19,18,430,31,0.555,0,0
2020,19,19,430,31,0.555,0,0
2020,19,20,0,22,0.555,0,0
2020,19,21,0,22,0.555,0,0
2020,19,22,0,22,0.555,0,0
2020,19,23,0,22,0.555,0,0
2020,20,0,0,22,0.555,0,0.000462963
2020,20,1,0,22,0.555,0,0
2020,20,2,0,22,0.555,0,0
2020,20,3,0,22,0.555,0,0
2020,20,4,0,22,0.555,0,0
2020,20,5,0,22,0.555,0,0
2020,20,6,0,22,0.555,0,0
2020,20,7,0,22,0.555,0,0
2020,20,8,430,31,0.555,0,0
2020,20,9,430,31,0.555,0,0
2020,20,10,430,31,0.555,0,0
2020,20,11,430,31,0.555,0,0
2020,20,12,430,31,0.555,0,0
2020,20,13,430,31,0.555,0,0
2020,20,14,430,31,0.555,0,0
2020,20,15,430,31,0.555,0,0
2020,20,16,430,31,0.555,0,0
2020,20,17,430,31,0.555,0,0
2020,20,18,430,31,0.555,0,0
2020,20,19,430,31,0.555,0,0
2020,20,20,0,22,0.555,0,0
2020,20,21,0,22,0.555,0,0
2020,20,22,0,22,0.555,0,0
2020,20,23,0,22,0.555,0,0
2020,21,0,0,22,0.555,0,0.000462963
2020,21,1,0,22,0.555,0,0
2020,21,2,0,22,0.555,0,0
2020,21,3,0,22,0.555,0,0
2020,21,4,0,22,0.555,0,0
2020,21,5,0,22,0.555,0,0
2020,21,6,0,22,0.555,0,0
2020,21,7,0,22,0.555,0,0
2020,21,8,430,31,0.555,0,0
2020,21,9,430,31,0.555,0,0
2020,21,10,430,31,0.555,0,0
2020,21,11,430,31,0.555,0,0
2020,21,12,430,31,0.555,0,0
2020,21,13,430,31,0.555,0,0
2020,21,14,430,31,0.555,0,0
2020,21,15,430,31,0.555,0,0
2020,21,16,430,31,0.555,0,0
2020,21,17,430,31,0.555,0,0
2020,21,18,430,31,0.555,0,0
2020,21,19,430,31,0.555,0,0
2020,21,20,0,22,0.555,0,0
2020,21,21,0,22,0.555,0,0
2020,21,22,0,22,0.555,0,0
2020,21,23,0,22,0.555,0,0
2020,22,0,0,22,0.555,0,0.000462963
2020,22,1,0,22,0.555,0,0
2020,22,2,0,22,0.555,0,0
2020,22,3,0,22,0.555,0,0
2020,22,4,0,22,0.555,0,0
2020,22,5,0,22,0.555,0,0
2020,22,6,0,22,0.555,0,0
2020,22,7,0,22,0.555,0,0
2020,22,8,430,31,0.555,0,0
2020,22,9,430,31,0.555,0,0
2020,22,10,430,31,0.555,0,0
2020,22,11,430,31,0.555,0,0
2020,22,12,430,31,0.555,0,0
2020,22,13,430,31,0.555,0,0
2020,22,14,430,31,0.555,0,0
2020,22,15,430,31,0.555,0,0
2020,22,16,430,31,0.555,0,0
2020,22,17,430,31,0.555,0,0
2020,22,18,430,31,0.555,0,0
2020,22,19,430,31,0.555,0,0
2020,22,20,0,22,0.555,0,0
2020,22,21,0,22,0.555,0,0
2020,22,22,0,22,0.555,0,0
2020,22,23,0,22,0.555,0,0
2020,23,0,0,22,0.555,0,0.000462963
2020,23,1,0,22,0.555,0,0
2020,23,2,0,22,0.555,0,0
2020,23,3,0,22,0.555,0,0
2020,23,4,0,22,0.555,0,0
2020,23,5,0,22,0.555,0,0
2020,23,6,0,22,0.555,0,0
2020,23,7,0,22,0.555,0,0
2020,23,8,430,31,0.555,0,0
2020,23,9,430,31,0.555,0,0
2020,23,10,430,31,0.555,0,0
2020,23,11,430,31,0.555,0,0
2020,23,12,430,31,0.555,0,0
2020,23,13,430,31,0.555,0,0
2020,23,14,430,31,0.555,0,0
2020,23,15,430,31,0.555,0,0
2020,23,16,430,31,0.555,0,0
2020,23,17,430,31,0.555,0,0
2020,23,18,430,31,0.555,0,0
2020,23,19,430,31,0.555,0,0
2020,23,20,0,22,0.555,0,0
2020,23,21,0,22,0.555,0,0
2020,23,22,0,22,0.555,0,0
2020,23,23,0,22,0.555,0,0
2020,24,0,0,22,0.555,0,0.000462963
2020,24,1,0,22,0.555,0,0
2020,24,2,0,22,0.555,0,0
2020,24,3,0,22,0.555,0,0
2020,24,4,0,22,0.555,0,0
2020,24,5,0,22,0.555,0,0
2020,24,6,0,22,0.555,0,0
2020,24,7,0,22,0.555,0,0
2020,24,8,430,31,0.555,0,0
2020,24,9,430,31,0.555,0,0
2020,24,10,430,31,0.555,0,0
2020,24,11,430,31,0.555,0,0
2020,24,12,430,31,0.555,0,0
2020,24,13,430,31,0.555,0,0
2020,24,14,430,31,0.555,0,0
2020,24,15,430,31,0.555,0,0
2020,24,16,430,31,0.555,0,0
2020,24,17,430,31,0.555,0,0
2020,24,18,430,31,0.555,0,0
2020,24,19,430,31,0.555,0,0
2020,24,20,0,22,0.555,0,0
2020,24,21,0,22,0.555,0,0
2020,24,22,0,22,0.555,0,0
2020,24,23,0,22,0.555,0,0
2020,25,0,0,22,0.555,0,0.000462963
2020,25,1,0,22,0.555,0,0
2020,25,2,0,22,0.555,0,0
2020,25,3,0,22,0.555,0,0
2020,25,4,0,22,0.555,0,0
2020,25,5,0,22,0.555,0,0
2020,25,6,0,22,0.555,0,0
2020,25,7,0,22,0.555,0,0
2020,25,8,430,31,0.555,0,0
2020,25,9,430,31,0.555,0,0
2020,25,10,430,31,0.555,0,0
2020,25,11,430,31,0.555,0,0
2020,25,12,430,31,0.555,0,0
2020,25,13,430,31,0.555,0,0
2020,25,14,430,31,0.555,0,0
2020,25,15,430,31,0.555,0,0
2020,25,16,430,31,0.555,0,0
2020,25,17,430,31,0.555,0,0
2020,25,18,430,31,0.555,0,0
2020,25,19,430,31,0.555,0,0
2020,25,20,0,22,0.555,0,0
2020,25,21,0,22,0.555,0,0
2020,25,22,0,22,0.555,0,0
2020,25,23,0,22,0.555,0,0
2020,26,0,0,22,0.555,0,0.000462963
2020,26,1,0,22,0.555,0,0
2020,26,2,0,22,0.555,0,0
2020,26,3,0,22,0.555,0,0
2020,26,4,0,22,0.555,0,0
2020,26,5,0,22,0.555,0,0
2020,26,6,0,22,0.555,0,0
2020,26,7,0,22,0.555,0,0
2020,26,8,430,31,0.555,0,0
2020,26,9,430,31,0.555,0,0
2020,26,10,430,31,0.555,0,0
2020,26,11,430,31,0.555,0,0
2020,26,12,430,31,0.555,0,0
2020,26,13,430,31,0.555,0,0
2020,26,14,430,31,0.555,0,0
2020,26,15,430,31,0.555,0,0
2020,26,16,430,31,0.555,0,0
2020,26,17,430,31,0.555,0,0
2020,26,18,430,31,0.555,0,0
2020,26,19,430,31,0.555,0,0
2020,26,20,0,22,0.555,0,0
2020,26,21,0,22,0.555,0,0
2020,26,22,0,22,0.555,0,0
2020,26,23,0,22,0.555,0,0
2020,27,0,0,22,0.555,0,0.000462963
2020,27,1,0,22,0.555,0,0
2020,27,2,0,22,0.555,0,0
2020,27,3,0,22,0.555,0,0
2020,27,4,0,22,0.555,0,0
2020,27,5,0,22,0.555,0,0
2020,27,6,0,22,0.555,0,0
2020,27,7,0,22,0.555,0,0
2020,27,8,430,31,0.555,0,0
2020,27,9,430,31,0.555,0,0
2020,27,10,430,31,0.555,0,0
2020,27,11,430,31,0.555,0,0
2020,27,12,430,31,0.555,0,0
2020,27,13,430,31,0.555,0,0
2020,27,14,430,31,0.555,0,0
2020,27,15,430,31,0.555,0,0
2020,27,16,430,31,0.555,0,0
2020,27,17,430,31,0.555,0,0
2020,27,18,430,31,0.555,0,0
2020,27,19,430,31,0.555,0,0
2020,27,20,0,22,0.555,0,0
2020,27,21,0,22,0.555,0,0
2020,27,22,0,22,0.555,0,0
2020,27,23,0,22,0.555,0,0
2020,28,0,0,22,0.555,0,0.000462963
2020,28,1,0,22,0.555,0,0
2020,28,2,0,22,0.555,0,0
2020,28,3,0,22,0.555,0,0
2020,28,4,0,22,0.555,0,0
2020,28,5,0,22,0.555,0,0
2020,28,6,0,22,0.555,0,0
2020,28,7,0,22,0.555,0,0
2020,28,8,430,31,0.555,0,0
2020,28,9,430,31,0.555,0,0
2020,28,10,430,31,0.555,0,0
2020,28,11,430,31,0.555,0,0
2020,28,12,430,31,0.555,0,0
2020,28,13,430,31,0.555,0,0
2020,28,14,430,31,0.555,0,0
2020,28,15,430,31,0.555,0,0
2020,28,16,430,31,0.555,0,0
2020,28,17,430,31,0.555,0,0
2020,28,18,430,31,0.555,0,0
2020,28,19,430,31,0.555,0,0
2020,28,20,0,22,0.555,0,0
2020,28,21,0,22,0.555,0,0
2020,28,22,0,22,0.555,0,0
2020,28,23,0,22,0.555,0,0
2020,29,0,0,22,0.555,0,0.000462963
2020,29,1,0,22,0.555,0,0
2020,29,2,0,22,0.555,0,0
2020,29,3,0,22,0.555,0,0
2020,29,4,0,22,0.555,0,0
2020,29,5,0,22,0.555,0,0
2020,29,6,0,22,0.555,0,0
2020,29,7,0,22,0.555,0,0
2020,29,8,430,31,0.555,0,0
2020,29,9,430,31,0.555,0,0
2020,29,10,430,31,0.555,0,0
2020,29,11,430,31,0.555,0,0
2020,29,12,430,31,0.555,0,0
2020,29,13,430,31,0.555,0,0
2020,29,14,430,31,0.555,0,0
2020,29,15,430,31,0.555,0,0
2020,29,16,430,31,0.555,0,0
2020,29,17,430,31,0.555,0,0
2020,29,18,430,31,0.555,0,0
2020,29,19,430,31,0.555,0,0
2020,29,20,0,22,0.555,0,0
2020,29,21,0,22,0.555,0,0
2020,29,22,0,22,0.555,0,0
2020,29,23,0,22,0.555,0,0
2020,30,0,0,22,0.555,0,0.000462963
2020,30,1,0,22,0.555,0,0
2020,30,2,0,22,0.555,0,0
2020,30,3,0,22,0.555,0,0
2020,30,4,0,22,0.555,0,0
2020,30,5,0,22,0.555,0,0
2020,30,6,0,22,0.555,0,0
2020,30,7,0,22,0.555,0,0
2020,30,8,430,31,0.555,0,0
2020,30,9,430,31,0.555,0,0
2020,30,10,430,31,0.555,0,0
2020,30,11,430,31,0.555,0,0
2020,30,12,430,31,0.555,0,0
2020,30,13,430,31,0.555,0,0
2020,30,14,430,31,0.555,0,0
2020,30,15,430,31,0.555,0,0
2020,30,16,430,31,0.555,0,0
2020,30,17,430,31,0.555,0,0
2020,30,18,430,31,0.555,0,0
2020,30,19,430,31,0.555,0,0
2020,30,20,0,22,0.555,0,0
2020,30,21,0,22,0.555,0,0
2020,30,22,0,22,0.555,0,0
2020,30,23,0,22,0.555,0,0
2020,31,0,0,22,0.555,0,0.000462963
2020,31,1,0,22,0.555,0,0
2020,31,2,0,22,0.555,0,0
2020,31,3,0,22,0.555,0,0
2020,31,4,0,22,0.555,0,0
2020,31,5,0,22,0.555,0,0
2020,31,6,0,22,0.555,0,0
2020,31,7,0,22,0.555,0,0
2020,31,8,430,31,0.555,0,0
2020,31,9,430,31,0.555,0,0
2020,31,10,430,31,0.555,0,0
2020,31,11,430,31,0.555,0,0
2020,31,12,430,31,0.555,0,0
2020,31,13,430,31,0.555,0,0
2020,31,14,430,31,0.555,0,0
2020,31,15,430,31,0.555,0,0
2020,31,16,430,31,0.555,0,0
2020,31,17,430,31,0.555,0,0
2020,31,18,430,31,0.555,0,0
2020,31,19,430,31,0.555,0,0
2020,31,20,0,22,0.555,0,0
2020,31,21,0,22,0.555,0,0
2020,31,22,0,22,0.555,0,0
2020,31,23,0,22,0.555,0,0
2020,32,0,0,22,0.555,0,0.000462963
2020,32,1,0,22,0.555,0,0
2020,32,2,0,22,0.555,0,0
2020,32,3,0,22,0.555,0,0
2020,32,4,0,22,0.555,0,0
2020,32,5,0,22,0.555,0,0
2020,32,6,0,22,0.555,0,0
2020,32,7,0,22,0.555,0,0
2020,32,8,430,31,0.555,0,0
2020,32,9,430,31,0.555,0,0
2020,32,10,430,31,0.555,0,0
2020,32,11,430,31,0.555,0,0
2020,32,12,430,31,0.555,0,0
2020,32,13,430,31,0.555,0,0
2020,32,14,430,31,0.555,0,0
2020,32,15,430,31,0.555,0,0
2020,32,16,430,31,0.555,0,0
2020,32,17,430,31,0.555,0,0
2020,32,18,430,31,0.555,0,0
2020,32,19,430,31,0.555,0,0
2020,32,20,0,22,0.555,0,0
2020,32,21,0,22,0.555,0,0
2020,32,22,0,22,0.555,0,0
2020,32,23,0,22,0.555,0,0
2020,33,0,0,22,0.555,0,0.000462963
2020,33,1,0,22,0.555,0,0
2020,33,2,0,22,0.555,0,0
2020,33,3,0,22,0.555,0,0
2020,33,4,0,22,0.555,0,0
2020,33,5,0,22,0.555,0,0
2020,33,6,0,22,0.555,0,0
2020,33,7,0,22,0.555,0,0
2020,33,8,430,31,0.555,0,0
2020,33,9,430,31,0.555,0,0
2020,33,10,430,31,0.555,0,0
2020,33,11,430,31,0.555,0,0
2020,33,12,430,31,0.555,0,0
2020,33,13,430,31,0.555,0,0
2020,33,14,430,31,0.555,0,0
2020,33,15,430,31,0.555,0,0
2020,33,16,430,31,0.555,0,0
2020,33,17,430,31,0.555,0,0
2020,33,18,430,31,0.555,0,0
2020,33,19,430,31,0.555,0,0
2020,33,20,0,22,0.555,0,0
2020,33,21,0,22,0.555,0,0
2020,33,22,0,22,0.555,0,0
2020,33,23,0,22,0.555,0,0
2020,34,0,0,22,0.555,0,0.000462963
2020,34,1,0,22,0.555,0,0
2020,34,2,0,22,0.555,0,0
2020,34,3,0,22,0.555,0,0
2020,34,4,0,22,0.555,0,0
2020,34,5,0,22,0.555,0,0
2020,34,6,0,22,0.555,0,0
2020,34,7,0,22,0.555,0,0
2020,34,8,430,31,0.555,0,0
2020,34,9,430,31,0.555,0,0
2020,34,10,430,31,0.555,0,0
2020,34,11,430,31,0.555,0,0
2020,34,12,430,31,0.555,0,0
2020,34,13,430,31,0.555,0,0
2020,34,14,430,31,0.555,0,0
2020,34,15,430,31,0.555,0,0
2020,34,16,430,31,0.555,0,0
2020,34,17,430,31,0.555,0,0
2020,34,18,430,31,0.555,0,0
2020,34,19,430,31,0.555,0,0
2020,34,20,0,22,0.555,0,0
2020,34,21,0,22,0.555,0,0
2020,34,22,0,22,0.555,0,0
2020,34,23,0,22,0.555,0,0
2020,35,0,0,22,0.555,0,0.000462963
2020,35,1,0,22,0.555,0,0
2020,35,2,0,22,0.555,0,0
2020,35,3,0,22,0.555,0,0
2020,35,4,0,22,0.555,0,0
2020,35,5,0,22,0.555,0,0
2020,35,6,0,22,0.555,0,0
2020,35,7,0,22,0.555,0,0
2020,35,8,430,31,0.555,0,0
2020,35,9,430,31,0.555,0,0
2020,35,10,430,31,0.555,0,0
2020,35,11,430,31,0.555,0,0
2020,35,12,430,31,0.555,0,0
2020,35,13,430,31,0.555,0,0
2020,35,14,430,31,0.555,0,0
2020,35,15,430,31,0.555,0,0
2020,35,16,430,31,0.555,0,0
2020,35,17,430,31,0.555,0,0
2020,35,18,430,31,0.555,0,0
2020,35,19,430,31,0.555,0,0
2020,35,20,0,22,0.555,0,0
2020,35,21,0,22,0.555,0,0
2020,35,22,0,22,0.555,0,0
2020,35,23,0,22,0.555,0,0
2020,36,0,0,22,0.555,0,0.000462963
2020,36,1,0,22,0.555,0,0
2020,36,2,0,22,0.555,0,0
2020,36,3,0,22,0.555,0,0
2020,36,4,0,22,0.555,0,0
2020,36,5,0,22,0.555,0,0
2020,36,6,0,22,0.555,0,0
2020,36,7,0,22,0.555,0,0
2020,36,8,430,31,0.555,0,0
2020,36,9,430,31,0.555,0,0
2020,36,10,430,31,0.555,0,0
2020,36,11,430,31,0.555,0,0
2020,36,12,430,31,0.555,0,0
2020,36,13,430,31,0.555,0,0
2020,36,14,430,31,0.555,0,0
2020,36,15,430,31,0.555,0,0
2020,36,16,430,31,0.555,0,0
2020,36,17,430,31,0.555,0,0
2020,36,18,430,31,0.555,0,0
2020,36,19,430,31,0.555,0,0
2020,36,20,0,22,0.555,0,0
2020,36,21,0,22,0.555,0,0
2020,36,22,0,22,0.555,0,0
2020,36,23,0,22,0.555,0,0
2020,37,0,0,22,0.555,0,0.000462963
2020,37,1,0,22,0.555,0,0
2020,37,2,0,22,0.555,0,0
2020,37,3,0,22,0.555,0,0
2020,37,4,0,22,0.555,0,0
2020,37,5,0,22,0.555,0,0
2020,37,6,0,22,0.555,0,0
2020,37,7,0,22,0.555,0,0
2020,37,8,430,31,0.555,0,0
2020,37,9,430,31,0.555,0,0
2020,37,10,430,31,0.555,0,0
2020,37,11,430,31,0.555,0,0
2020,37,12,430,31,0.555,0,0
2020,37,13,430,31,0.555,0,0
2020,37,14,430,31,0.555,0,0
2020,37,15,430,31,0.555,0,0
2020,37,16,430,31,0.555,0,0
2020,37,17,430,31,0.555,0,0
2020,37,18,430,31,0.555,0,0
2020,37,19,430,31,0.555,0,0
2020,37,20,0,22,0.555,0,0
2020,37,21,0,22,0.555,0,0
2020,37,22,0,22,0.555,0,0
2020,37,23,0,22,0.555,0,0
2020,38,0,0,22,0.555,0,0.000462963
2020,38,1,0,22,0.555,0,0
2020,38,2,0,22,0.555,0,0
2020,38,3,0,22,0.555,0,0
2020,38,4,0,22,0.555,0,0
2020,38,5,0,22,0.555,0,0
2020,38,6,0,22,0.555,0,0
2020,38,7,0,22,0.555,0,0
2020,38,8,430,31,0.555,0,0
2020,38,9,430,31,0.555,0,0
2020,38,10,430,31,0.555,0,0
2020,38,11,430,31,0.555,0,0
2020,38,12,430,31,0.555,0,0
2020,38,13,430,31,0.555,0,0
2020,38,14,430,31,0.555,0,0
2020,38,15,430,31,0.555,0,0
2020,38,16,430,31,0.555,0,0
2020,38,17,430,31,0.555,0,0
2020,38,18,430,31,0.555,0,0
2020,38,19,430,31,0.555,0,0
2020,38,20,0,22,0.555,0,0
2020,38,21,0,22,0.555,0,0
2020,38,22,0,22,0.555,0,0
2020,38,23,0,22,0.555,0,0
2020,39,0,0,22,0.555,0,0.000462963
2020,39,1,0,22,0.555,0,0
2020,39,2,0,22,0.555,0,0
2020,39,3,0,22,0.555,0,0
2020,39,4,0,22,0.555,0,0
2020,39,5,0,22,0.555,0,0
2020,39,6,0,22,0.555,0,0
2020,39,7,0,22,0.555,0,0
2020,39,8,430,31,0.555,0,0
2020,39,9,430,31,0.555,0,0
2020,39,10,430,31,0.555,0,0
2020,39,11,430,31,0.555,0,0
2020,39,12,430,31,0.555,0,0
2020,39,13,430,31,0.555,0,0
2020,39,14,430,31,0.555,0,0
2020,39,15,430,31,0.555,0,0
2020,39,16,430,31,0.555,0,0
2020,39,17,430,31,0.555,0,0
2020,39,18,430,31,0.555,0,0
2020,39,19,430,31,0.555,0,0
2020,39,20,0,22,0.555,0,0
2020,39,21,0,22,0.555,0,0
2020,39,22,0,22,0.555,0,0
2020,39,23,0,22,0.555,0,0
2020,40,0,0,22,0.555,0,0.000462963
2020,40,1,0,22,0.555,0,0
2020,40,2,0,22,0.555,0,0
2020,40,3,0,22,0.555,0,0
2020,40,4,0,22,0.555,0,0
2020,40,5,0,22,0.555,0,0
2020,40,6,0,22,0.555,0,0
2020,40,7,0,22,0.555,0,0
2020,40,8,430,31,0.555,0,0
2020,40,9,430,31,0.555,0,0
2020,40,10,430,31,0.555,0,0
2020,40,11,430,31,0.555,0,0
2020,40,12,430,31,0.555,0,0
2020,40,13,430,31,0.555,0,0
2020,40,14,430,31,0.555,0,0
2020,40,15,430,31,0.555,0,0
2020,40,16,430,31,0.555,0,0
2020,40,17,430,31,0.555,0,0
2020,40,18,430,31,0.555,0,0
2020,40,19,430,31,0.555,0,0
2020,40,20,0,22,0.555,0,0
2020,40,21,0,22,0.555,0,0
2020,40,22,0,22,0.555,0,0
2020,40,23,0,22,0.555,0,0
2020,41,0,0,22,0.555,0,0.000462963
2020,41,1,0,22,0.555,0,0
2020,41,2,0,22,0.555,0,0
2020,41,3,0,22,0.555,0,0
2020,41,4,0,22,0.555,0,0
2020,41,5,0,22,0.555,0,0
2020,41,6,0,22,0.555,0,0
2020,41,7,0,22,0.555,0,0
2020,41,8,430,31,0.555,0,0
2020,41,9,430,31,0.555,0,0
2020,41,10,430,31,0.555,0,0
2020,41,11,430,31,0.555,0,0
2020,41,12,430,31,0.555,0,0
2020,41,13,430,31,0.555,0,0
2020,41,14,430,31,0.555,0,0
2020,41,15,430,31,0.555,0,0
2020,41,16,430,31,0.555,0,0
2020,41,17,430,31,0.555,0,0
2020,41,18,430,31,0.555,0,0
2020,41,19,430,31,0.555,0,0
2020,41,20,0,22,0.555,0,0
2020,41,21,0,22,0.555,0,0
2020,41,22,0,22,0.555,0,0
2020,41,23,0,22,0.555,0,0
2020,42,0,0,22,0.555,0,0.000462963
2020,42,1,0,22,0.555,0,0
2020,42,2,0,22,0.555,0,0
2020,42,3,0,22,0.555,0,0
2020,42,4,0,22,0.555,0,0
2020,42,5,0,22,0.555,0,0
2020,42,6,0,22,0.555,0,0
2020,42,7,0,22,0.555,0,0
2020,42,8,430,31,0.555,0,0
2020,42,9,430,31,0.555,0,0
2020,42,10,430,31,0.555,0,0
2020,42,11,430,31,0.555,0,0
2020,42,12,430,31,0.555,0,0
2020,42,13,430,31,0.555,0,0
2020,42,14,430,31,0.555,0,0
2020,42,15,430,31,0.555,0,0
2020,42,16,430,31,0.555,0,0
2020,42,17,430,31,0.555,0,0
2020,42,18,430,31,0.555,0,0
2020,42,19,430,31,0.555,0,0
2020,42,20,0,22,0.555,0,0
2020,42,21,0,22,0.555,0,0
2020,42,22,0,22,0.555,0,0
2020,42,23,0,22,0.555,0,0
2020,43,0,0,22,0.555,0,0.000462963
2020,43,1,0,22,0.555,0,0
2020,43,2,0,22,0.555,0,0
2020,43,3,0,22,0.555,0,0
2020,43,4,0,22,0.555,0,0
2020,43,5,0,22,0.555,0,0
2020,43,6,0,22,0.555,0,0
2020,43,7,0,22,0.555,0,0
2020,43,8,430,31,0.555,0,0
2020,43,9,430,31,0.555,0,0
2020,43,10,430,31,0.555,0,0
2020,43,11,430,31,0.555,0,0
2020,43,12,430,31,0.555,0,0
2020,43,13,430,31,0.555,0,0
2020,43,14,430,31,0.555,0,0
2020,43,15,430,31,0.555,0,0
2020,43,16,430,31,0.555,0,0
2020,43,17,430,31,0.555,0,0
2020,43,18,430,31,0.555,0,0
2020,43,19,430,31,0.555,0,0
2020,43,20,0,22,0.555,0,0
2020,43,21,0,22,0.555,0,0
2020,43,22,0,22,0.555,0,0
2020,43,23,0,22,0.555,0,0
2020,44,0,0,22,0.555,0,0.000462963
2020,44,1,0,22,0.555,0,0
2020,44,2,0,22,0.555,0,0
2020,44,3,0,22,0.555,0,0
2020,44,4,0,22,0.555,0,0
2020,44,5,0,22,0.555,0,0
2020,44,6,0,22,0.555,0,0
2020,44,7,0,22,0.555,0,0
2020,44,8,430,31,0.555,0,0
2020,44,9,430,31,0.555,0,0
2020,44,10,430,31,0.555,0,0
2020,44,11,430,31,0.555,0,0
2020,44,12,430,31,0.555,0,0
2020,44,13,430,31,0.555,0,0
2020,44,14,430,31,0.555,0,0
2020,44,15,430,31,0.555,0,0
2020,44,16,430,31,0.555,0,0
2020,44,17,430,31,0.555,0,0
2020,44,18,430,31,0.555,0,0
2020,44,19,430,31,0.555,0,0
2020,44,20,0,22,0.555,0,0
2020,44,21,0,22,0.555,0,0
2020,44,22,0,22,0.555,0,0
2020,44,23,0,22,0.555,0,0
2020,45,0,0,22,0.555,0,0.000462963
2020,45,1,0,22,0.555,0,0
2020,45,2,0,22,0.555,0,0
2020,45,3,0,22,0.555,0,0
2020,45,4,0,22,0.555,0,0
2020,45,5,0,22,0.555,0,0
2020,45,6,0,22,0.555,0,0
2020,45,7,0,22,0.555,0,0
2020,45,8,430,31,0.555,0,0
2020,45,9,430,31,0.555,0,0
2020,45,10,430,31,0.555,0,0
2020,45,11,430,31,0.555,0,0
2020,45,12,430,31,0.555,0,0
2020,45,13,430,31,0.555,0,0
2020,45,14,430,31,0.555,0,0
2020,45,15,430,31,0.555,0,0
2020,45,16,430,31,0.555,0,0
2020,45,17,430,31,0.555,0,0
2020,45,18,430,31,0.555,0,0
2020,45,19,430,31,0.555,0,0
2020,45,20,0,22,0.555,0,0
2020,45,21,0,22,0.555,0,0
2020,45,22,0,22,0.555,0,0
2020,45,23,0,22,0.555,0,0
2020,46,0,0,22,0.555,0,0.000462963
2020,46,1,0,22,0.555,0,0
2020,46,2,0,22,0.555,0,0
2020,46,3,0,22,0.555,0,0
2020,46,4,0,22,0.555,0,0
2020,46,5,0,22,0.555,0,0
2020,46,6,0,22,0.555,0,0
2020,46,7,0,22,0.555,0,0
2020,46,8,430,31,0.555,0,0
2020,46,9,430,31,0.555,0,0
2020,46,10,430,31,0.555,0,0
2020,46,11,430,31,0.555,0,0
2020,46,12,430,31,0.555,0,0
2020,46,13,430,31,0.555,0,0
2020,46,14,430,31,0.555,0,0
2020,46,15,430,31,0.555,0,0
2020,46,16,430,31,0.555,0,0
2020,46,17,430,31,0.555,0,0
2020,46,18,430,31,0.555,0,0
2020,46,19,430,31,0.555,0,0
2020,46,20,0,22,0.555,0,0
2020,46,21,0,22,0.555,0,0
2020,46,22,0,22,0.555,0,0
2020,46,23,0,22,0.555,0,0
2020,47,0,0,22,0.555,0,0.000462963
2020,47,1,0,22,0.555,0,0
2020,47,2,0,22,0.555,0,0
2020,47,3,0,22,0.555,0,0
2020,47,4,0,22,0.555,0,0
2020,47,5,0,22,0.555,0,0
2020,47,6,0,22,0.555,0,0
2020,47,7,0,22,0.555,0,0
2020,47,8,430,31,0.555,0,0
2020,47,9,430,31,0.555,0,0
2020,47,10,430,31,0.555,0,0
2020,47,11,430,31,0.555,0,0
2020,47,12,430,31,0.555,0,0
2020,47,13,430,31,0.555,0,0
2020,47,14,430,31,0.555,0,0
2020,47,15,430,31,0.555,0,0
2020,47,16,430,31,0.555,0,0
2020,47,17,430,31,0.555,0,0
2020,47,18,430,31,0.555,0,0
2020,47,19,430,31,0.555,0,0
2020,47,20,0,22,0.555,0,0
2020,47,21,0,22,0.555,0,0
2020,47,22,0,22,0.555,0,0
2020,47,23,0,22,0.555,0,0
2020,48,0,0,22,0.555,0,0.000462963
2020,48,1,0,22,0.555,0,0
2020,48,2,0,22,0.555,0,0
2020,48,3,0,22,0.555,0,0
2020,48,4,0,22,0.555,0,0
2020,48,5,0,22,0.555,0,0
2020,48,6,0,22,0.555,0,0
2020,48,7,0,22,0.555,0,0
2020,48,8,430,31,0.555,0,0
2020,48,9,430,31,0.555,0,0
2020,48,10,430,31,0.555,0,0
2020,48,11,430,31,0.555,0,0
2020,48,12,430,31,0.555,0,0
2020,48,13,430,31,0.555,0,0
2020,48,14,430,31,0.555,0,0
2020,48,15,430,31,0.555,0,0
2020,48,16,430,31,0.555,0,0
2020,48,17,430,31,0.555,0,0
2020,48,18,430,31,0.555,0,0
2020,48,19,430,31,0.555,0,0
2020,48,20,0,22,0.555,0,0
2020,48,21,0,22,0.555,0,0
2020,48,22,0,22,0.555,0,0
2020,48,23,0,22,0.555,0,0
2020,49,0,0,22,0.555,0,0.000462963
2020,49,1,0,22,0.555,0,0
2020,49,2,0,22,0.555,0,0
2020,49,3,0,22,0.555,0,0
2020,49,4,0,22,0.555,0,0
2020,49,5,0,22,0.555,0,0
2020,49,6,0,22,0.555,0,0
2020,49,7,0,22,0.555,0,0
2020,49,8,430,31,0.555,0,0
2020,49,9,430,31,0.555,0,0
2020,49,10,430,31,0.555,0,0
2020,49,11,430,31,0.555,0,0
2020,49,12,430,31,0.555,0,0
2020,49,13,430,31,0.555,0,0
2020,49,14,430,31,0.555,0,0
2020,49,15,430,31,0.555,0,0
2020,49,16,430,31,0.555,0,0
2020,49,17,430,31,0.555,0,0
2020,49,18,430,31,0.555,0,0
2020,49,19,430,31,0.555,0,0
2020,49,20,0,22,0.555,0,0
2020,49,21,0,22,0.555,0,0
2020,49,22,0,22,0.555,0,0
2020,49,23,0,22,0.555,0,0
2020,50,0,0,22,0.555,0,0.000462963
2020,50,1,0,22,0.555,0,0
2020,50,2,0,22,0.555,0,0
2020,50,3,0,22,0.555,0,0
2020,50,4,0,22,0.555,0,0
2020,50,5,0,22,0.555,0,0
2020,50,6,0,22,0.555,0,0
2020,50,7,0,22,0.555,0,0
2020,50,8,430,31,0.555,0,0
2020,50,9,430,31,0.555,0,0
2020,50,10,430,31,0.555,0,0
2020,50,11,430,31,0.555,0,0
2020,50,12,430,31,0.555,0,0
2020,50,13,430,31,0.555,0,0
2020,50,14,430,31,0.555,0,0
2020,50,15,430,31,0.555,0,0
2020,50,16,430,31,0.555,0,0
2020,50,17,430,31,0.555,0,0
2020,50,18,430,31,0.555,0,0
2020,50,19,430,31,0.555,0,0
2020,50,20,0,22,0.555,0,0
2020,50,21,0,22,0.555,0,0
2020,50,22,0,22,0.555,0,0
2020,50,23,0,22,0.555,0,0
2020,51,0,0,22,0.555,0,0.000462963
2020,51,1,0,22,0.555,0,0
2020,51,2,0,22,0.555,0,0
2020,51,3,0,22,0.555,0,0
2020,51,4,0,22,0.555,0,0
2020,51,5,0,22,0.555,0,0
2020,51,6,0,22,0.555,0,0
2020,51,7,0,22,0.555,0,0
2020,51,8,430,31,0.555,0,0
2020,51,9,430,31,0.555,0,0
2020,51,10,430,31,0.555,0,0
2020,51,11,430,31,0.555,0,0
2020,51,12,430,31,0.555,0,0
2020,51,13,430,31,0.555,0,0
2020,51,14,430,31,0.555,0,0
2020,51,15,430,31,0.555,0,0
2020,51,16,430,31,0.555,0,0
2020,51,17,430,31,0.555,0,0
2020,51,18,430,31,0.555,0,0
2020,51,19,430,31,0.555,0,0
2020,51,20,0,22,0.555,0,0
2020,51,21,0,22,0.555,0,0
2020,51,22,0,22,0.555,0,0
2020,51,23,0,22,0.555,0,0
2020,52,0,0,22,0.555,0,0.000462963
2020,52,1,0,22,0.555,0,0
2020,52,2,0,22,0.555,0,0
2020,52,3,0,22,0.555,0,0
2020,52,4,0,22,0.555,0,0
2020,52,5,0,22,0.555,0,0
2020,52,6,0,22,0.555,0,0
2020,52,7,0,22,0.555,0,0
2020,52,8,430,31,0.555,0,0
2020,52,9,430,31,0.555,0,0
2020,52,10,430,31,0.555,0,0
2020,52,11,430,31,0.555,0,0
2020,52,12,430,31,0.555,0,0
2020,52,13,430,31,0.555,0,0
2020,52,14,430,31,0.555,0,0
2020,52,15,430,31,0.555,0,0
2020,52,16,430,31,0.555,0,0
2020,52,17,430,31,0.555,0,0
2020,52,18,430,31,0.555,0,0
2020,52,19,430,31,0.555,0,0
2020,52,20,0,22,0.555,0,0
2020,52,21,0,22,0.555,0,0
2020,52,22,0,22,0.555,0,0
2020,52,23,0,22,0.555,0,0
2020,53,0,0,22,0.555,0,0.000462963
2020,53,1,0,22,0.555,0,0
2020,53,2,0,22,0.555,0,0
2020,53,3,0,22,0.555,0,0
2020,53,4,0,22,0.555,0,0
2020,53,5,0,22,0.555,0,0
2020,53,6,0,22,0.555,0,0
2020,53,7,0,22,0.555,0,0
2020,53,8,430,31,0.555,0,0
2020,53,9,430,31,0.555,0,0
2020,53,10,430,31,0.555,0,0
2020,53,11,430,31,0.555,0,0
2020,53,12,430,31,0.555,0,0
2020,53,13,430,31,0.555,0,0
2020,53,14,430,31,0.555,0,0
2020,53,15,430,31,0.555,0,0
2020,53,16,430,31,0.555,0,0
2020,53,17,430,31,0.555,0,0
2020,53,18,430,31,0.555,0,0
2020,53,19,430,31,0.555,0,0
2020,53,20,0,22,0.555,0,0
2020,53,21,0,22,0.555,0,0
2020,53,22,0,22,0.555,0,0
2020,53,23,0,22,0.555,0,0
2020,54,0,0,22,0.555,0,0.000462963
2020,54,1,0,22,0.555,0,0
2020,54,2,0,22,0.555,0,0
2020,54,3,0,22,0.555,0,0
2020,54,4,0,22,0.555,0,0
2020,54,5,0,22,0.555,0,0
2020,54,6,0,22,0.555,0,0
2020,54,7,0,22,0.555,0,0
2020,54,8,430,31,0.555,0,0
2020,54,9,430,31,0.555,0,0
2020,54,10,430,31,0.555,0,0
2020,54,11,430,31,0.555,0,0
2020,54,12,430,31,0.555,0,0
2020,54,13,430,31,0.555,0,0
2020,54,14,430,31,0.555,0,0
2020,54,15,430,31,0.555,0,0
2020,54,16,430,31,0.555,0,0
2020,54,17,430,31,0.555,0,0
2020,54,18,430,31,0.555,0,0
2020,54,19,430,31,0.555,0,0
2020,54,20,0,22,0.555,0,0
2020,54,21,0,22,0.555,0,0
2020,54,22,0,22,0.555,0,0
2020,54,23,0,22,0.555,0,0
2020,55,0,0,22,0.555,0,0.000462963
2020,55,1,0,22,0.555,0,0
2020,55,2,0,22,0.555,0,0
2020,55,3,0,22,0.555,0,0
2020,55,4,0,22,0.555,0,0
2020,55,5,0,22,0.555,0,0
2020,55,6,0,22,0.555,0,0
2020,55,7,0,22,0.555,0,0
2020,55,8,430,31,0.555,0,0
2020,55,9,430,31,0.555,0,0
2020,55,10,430,31,0.555,0,0
2020,55,11,430,31,0.555,0,0
2020,55,12,430,31,0.555,0,0
2020,55,13,430,31,0.555,0,0
2020,55,14,430,31,0.555,0,0
2020,55,15,430,31,0.555,0,0
2020,55,16,430,31,0.555,0,0
2020,55,17,430,31,0.555,0,0
2020,55,18,430,31,0.555,0,0
2020,55,19,430,31,0.555,0,0
2020,55,20,0,22,0.555,0,0
2020,55,21,0,22,0.555,0,0
2020,55,22,0,22,0.555,0,0
2020,55,23,0,22,0.555,0,0
2020,56,0,0,22,0.555,0,0.000462963
2020,56,1,0,22,0.555,0,0
2020,56,2,0,22,0.555,0,0
2020,56,3,0,22,0.555,0,0
2020,56,4,0,22,0.555,0,0
2020,56,5,0,22,0.555,0,0
2020,56,6,0,22,0.555,0,0
2020,56,7,0,22,0.555,0,0
2020,56,8,430,31,0.555,0,0
2020,56,9,430,31,0.555,0,0
2020,56,10,430,31,0.555,0,0
2020,56,11,430,31,0.555,0,0
2020,56,12,430,31,0.555,0,0
2020,56,13,430,31,0.555,0,0
2020,56,14,430,31,0.555,0,0
2020,56,15,430,31,0.555,0,0
2020,56,16,430,31,0.555,0,0
2020,56,17,430,31,0.555,0,0
2020,56,18,430,31,0.555,0,0
2020,56,19,430,31,0.555,0,0
2020,56,20,0,22,0.555,0,0
2020,56,21,0,22,0.555,0,0
2020,56,22,0,22,0.555,0,0
2020,56,23,0,22,0.555,0,0
2020,57,0,0,22,0.555,0,0.000462963
2020,57,1,0,22,0.555,0,0
2020,57,2,0,22,0.555,0,0
2020,57,3,0,22,0.555,0,0
2020,57,4,0,22,0.555,0,0
2020,57,5,0,22,0.555,0,0
2020,57,6,0,22,0.555,0,0
2020,57,7,0,22,0.555,0,0
2020,57,8,430,31,0.555,0,0
2020,57,9,430,31,0.555,0,0
2020,57,10,430,31,0.555,0,0
2020,57,11,430,31,0.555,0,0
2020,57,12,430,31,0.555,0,0
2020,57,13,430,31,0.555,0,0
2020,57,14,430,31,0.555,0,0
2020,57,15,430,31,0.555,0,0
2020,57,16,430,31,0.555,0,0
2020,57,17,430,31,0.555,0,0
2020,57,18,430,31,0.555,0,0
2020,57,19,430,31,0.555,0,0
2020,57,20,0,22,0.555,0,0
2020,57,21,0,22,0.555,0,0
2020,57,22,0,22,0.555,0,0
2020,57,23,0,22,0.555,0,0
2020,58,0,0,22,0.555,0,0.000462963
2020,58,1,0,22,0.555,0,0
2020,58,2,0,22,0.555,0,0
2020,58,3,0,22,0.555,0,0
2020,58,4,0,22,0.555,0,0
2020,58,5,0,22,0.555,0,0
2020,58,6,0,22,0.555,0,0
2020,58,7,0,22,0.555,0,0
2020,58,8,430,31,0.555,0,0
2020,58,9,430,31,0.555,0,0
2020,58,10,430,31,0.555,0,0
2020,58,11,430,31,0.555,0,0
2020,58,12,430,31,0.555,0,0
2020,58,13,430,31,0.555,0,0
2020,58,14,430,31,0.555,0,0
2020,58,15,430,31,0.555,0,0
2020,58,16,430,31,0.555,0,0
2020,58,17,430,31,0.555,0,0
2020,58,18,430,31,0.555,0,0
2020,58,19,430,31,0.555,0,0
2020,58,20,0,22,0.555,0,0
2020,58,21,0,22,0.555,0,0
2020,58,22,0,22,0.555,0,0
2020,58,23,0,22,0.555,0,0
2020,59,0,0,22,0.555,0,0.000462963
2020,59,1,0,22,0.555,0,0
2020,59,2,0,22,0.555,0,0
2020,59,3,0,22,0.555,0,0
2020,59,4,0,22,0.555,0,0
2020,59,5,0,22,0.555,0,0
2020,59,6,0,22,0.555,0,0
2020,59,7,0,22,0.555,0,0
2020,59,8,430,31,0.555,0,0
2020,59,9,430,31,0.555,0,0
2020,59,10,430,31,0.555,0,0
2020,59,11,430,31,0.555,0,0
2020,59,12,430,31,0.555,0,0
2020,59,13,430,31,0.555,0,0
2020,59,14,430,31,0.555,0,0
2020,59,15,430,31,0.555,0,0
2020,59,16,430,31,0.555,0,0
2020,59,17,430,31,0.555,0,0
2020,59,18,430,31,0.555,0,0
2020,59,19,430,31,0.555,0,0
2020,59,20,0,22,0.555,0,0
2020,59,21,0,22,0.555,0,0
2020,59,22,0,22,0.555,0,0
2020,59,23,0,22,0.555,0,0
2020,60,0,0,22,0.555,0,0.000462963
2020,60,1,0,22,0.555,0,0
2020,60,2,0,22,0.555,0,0
2020,60,3,0,22,0.555,0,0
2020,60,4,0,22,0.555,0,0
2020,60,5,0,22,0.555,0,0
2020,60,6,0,22,0.555,0,0
2020,60,7,0,22,0.555,0,0
2020,60,8,430,31,0.555,0,0
2020,60,9,430,31,0.555,0,0
2020,60,10,430,31,0.555,0,0
2020,60,11,430,31,0.555,0,0
2020,60,12,430,31,0.555,0,0
2020,60,13,430,31,0.555,0,0
2020,60,14,430,31,0.555,0,0
2020,60,15,430,31,0.555,0,0
2020,60,16,430,31,0.555,0,0
2020,60,17,430,31,0.555,0,0
2020,60,18,430,31,0.555,0,0
2020,60,19,430,31,0.555,0,0
2020,60,20,0,22,0.555,0,0
2020,60,21,0,22,0.555,0,0
2020,60,22,0,22,0.555,0,0
2020,60,23,0,22,0.555,0,0
2020,61,0,0,22,0.555,0,0.000462963
2020,61,1,0,22,0.555,0,0
2020,61,2,0,22,0.555,0,0
2020,61,3,0,22,0.555,0,0
2020,61,4,0,22,0.555,0,0
2020,61,5,0,22,0.555,0,0
2020,61,6,0,22,0.555,0,0
2020,61,7,0,22,0.555,0,0
2020,61,8,430,31,0.555,0,0
2020,61,9,430,31,0.555,0,0
2020,61,10,430,31,0.555,0,0
2020,61,11,430,31,0.555,0,0
2020,61,12,430,31,0.555,0,0
2020,61,13,430,31,0.555,0,0
2020,61,14,430,31,0.555,0,0
2020,61,15,430,31,0.555,0,0
2020,61,16,430,31,0.555,0,0
2020,61,17,430,31,0.555,0,0
2020,61,18,430,31,0.555,0,0
2020,61,19,430,31,0.555,0,0
2020,61,20,0,22,0.555,0,0
2020,61,21,0,22,0.555,0,0
2020,61,22,0,22,0.555,0,0
2020,61,23,0,22,0.555,0,0
2020,62,0,0,22,0.555,0,0.000462963
2020,62,1,0,22,0.555,0,0
2020,62,2,0,22,0.555,0,0
2020,62,3,0,22,0.555,0,0
2020,62,4,0,22,0.555,0,0
2020,62,5,0,22,0.555,0,0
2020,62,6,0,22,0.555,0,0
2020,62,7,0,22,0.555,0,0
2020,62,8,430,31,0.555,0,0
2020,62,9,430,31,0.555,0,0
2020,62,10,430,31,0.555,0,0
2020,62,11,430,31,0.555,0,0
2020,62,12,430,31,0.555,0,0
2020,62,13,430,31,0.555,0,0
2020,62,14,430,31,0.555,0,0
2020,62,15,430,31,0.555,0,0
2020,62,16,430,31,0.555,0,0
2020,62,17,430,31,0.555,0,0
2020,62,18,430,31,0.555,0,0
2020,62,19,430,31,0.555,0,0
2020,62,20,0,22,0.555,0,0
2020,62,21,0,22,0.555,0,0
2020,62,22,0,22,0.555,0,0
2020,62,23,0,22,0.555,0,0
2020,63,0,0,22,0.555,0,0.000462963
2020,63,1,0,22,0.555,0,0
2020,63,2,0,22,0.555,0,0
2020,63,3,0,22,0.555,0,0
2020,63,4,0,22,0.555,0,0
2020,63,5,0,22,0.555,0,0
2020,63,6,0,22,0.555,0,0
2020,63,7,0,22,0.555,0,0
2020,63,8,430,31,0.555,0,0
2020,63,9,430,31,0.555,0,0
2020,63,10,430,31,0.555,0,0
2020,63,11,430,31,0.555,0,0
2020,63,12,430,31,0.555,0,0
2020,63,13,430,31,0.555,0,0
2020,63,14,430,31,0.555,0,0
2020,63,15,430,31,0.555,0,0
2020,63,16,430,31,0.555,0,0
2020,63,17,430,31,0.555,0,0
2020,63,18,430,31,0.555,0,0
2020,63,19,430,31,0.555,0,0
2020,63,20,0,22,0.555,0,0
2020,63,21,0,22,0.555,0,0
2020,63,22,0,22,0.555,0,0
2020,63,23,0,22,0.555,0,0
2020,64,0,0,22,0.555,0,0.000462963
2020,64,1,0,22,0.555,0,0
2020,64,2,0,22,0.555,0,0
2020,64,3,0,22,0.555,0,0
2020,64,4,0,22,0.555,0,0
2020,64,5,0,22,0.555,0,0
2020,64,6,0,22,0.555,0,0
2020,64,7,0,22,0.555,0,0
2020,64,8,430,31,0.555,0,0
2020,64,9,430,31,0.555,0,0
2020,64,10,430,31,0.555,0,0
2020,64,11,430,31,0.555,0,0
2020,64,12,430,31,0.555,0,0
2020,64,13,430,31,0.555,0,0
2020,64,14,430,31,0.555,0,0
2020,64,15,430,31,0.555,0,0
2020,64,16,430,31,0.555,0,0
2020,64,17,430,31,0.555,0,0
2020,64,18,430,31,0.555,0,0
2020,64,19,430,31,0.555,0,0
2020,64,20,0,22,0.555,0,0
2020,64,21,0,22,0.555,0,0
2020,64,22,0,22,0.555,0,0
2020,64,23,0,22,0.555,0,0
2020,65,0,0,22,0.555,0,0.000462963
2020,65,1,0,22,0.555,0,0
2020,65,2,0,22,0.555,0,0
2020,65,3,0,22,0.555,0,0
2020,65,4,0,22,0.555,0,0
2020,65,5,0,22,0.555,0,0
2020,65,6,0,22,0.555,0,0
2020,65,7,0,22,0.555,0,0
2020,65,8,430,31,0.555,0,0
2020,65,9,430,31,0.555,0,0
2020,65,10,430,31,0.555,0,0
2020,65,11,430,31,0.555,0,0
2020,65,12,430,31,0.555,0,0
2020,65,13,430,31,0.555,0,0
2020,65,14,430,31,0.555,0,0
2020,65,15,430,31,0.555,0,0
2020,65,16,430,31,0.555,0,0
2020,65,17,430,31,0.555,0,0
2020,65,18,430,31,0.555,0,0
2020,65,19,430,31,0.555,0,0
2020,65,20,0,22,0.555,0,0
2020,65,21,0,22,0.555,0,0
2020,65,22,0,22,0.555,0,0
2020,65,23,0,22,0.555,0,0
2020,66,0,0,22,0.555,0,0.000462963
2020,66,1,0,22,0.555,0,0
2020,66,2,0,22,0.555,0,0
2020,66,3,0,22,0.555,0,0
2020,66,4,0,22,0.555,0,0
2020,66,5,0,22,0.555,0,0
2020,66,6,0,22,0.555,0,0
2020,66,7,0,22,0.555,0,0
2020,66,8,430,31,0.555,0,0
2020,66,9,430,31,0.555,0,0
2020,66,10,430,31,0.555,0,0
2020,66,11,430,31,0.555,0,0
2020,66,12,430,31,0.555,0,0
2020,66,13,430,31,0.555,0,0
2020,66,14,430,31,0.555,0,0
2020,66,15,430,31,0.555,0,0
2020,66,16,430,31,0.555,0,0
2020,66,17,430,31,0.555,0,0
2020,66,18,430,31,0.555,0,0
2020,66,19,430,31,0.555,0,0
2020,66,20,0,22,0.555,0,0
2020,66,21,0,22,0.555,0,0
2020,66,22,0,22,0.555,0,0
2020,66,23,0,22,0.555,0,0
2020,67,0,0,22,0.555,0,0.000462963
2020,67,1,0,22,0.555,0,0
2020,67,2,0,22,0.555,0,0
2020,67,3,0,22,0.555,0,0
2020,67,4,0,22,0.555,0,0
2020,67,5,0,22,0.555,0,0
2020,67,6,0,22,0.555,0,0
2020,67,7,0,22,0.555,0,0
2020,67,8,430,31,0.555,0,0
2020,67,9,430,31,0.555,0,0
2020,67,10,430,31,0.555,0,0
2020,67,11,430,31,0.555,0,0
2020,67,12,430,31,0.555,0,0
2020,67,13,430,31,0.555,0,0
2020,67,14,430,31,0.555,0,0
2020,67,15,430,31,0.555,0,0
2020,67,16,430,31,0.555,0,0
2020,67,17,430,31,0.555,0,0
2020,67,18,430,31,0.555,0,0
2020,67,19,430,31,0.555,0,0
2020,67,20,0,22,0.555,0,0
2020,67,21,0,22,0.555,0,0
2020,67,22,0,22,0.555,0,0
2020,67,23,0,22,0.555,0,0
2020,68,0,0,22,0.555,0,0.000462963
2020,68,1,0,22,0.555,0,0
2020,68,2,0,22,0.555,0,0
2020,68,3,0,22,0.555,0,0
2020,68,4,0,22,0.555,0,0
2020,68,5,0,22,0.555,0,0
2020,68,6,0,22,0.555,0,0
2020,68,7,0,22,0.555,0,0
2020,68,8,430,31,0.555,0,0
2020,68,9,430,31,0.555,0,0
2020,68,10,430,31,0.555,0,0
2020,68,11,430,31,0.555,0,0
2020,68,12,430,31,0.555,0,0
2020,68,13,430,31,0.555,0,0
2020,68,14,430,31,0.555,0,0
2020,68,15,430,31,0.555,0,0
2020,68,16,430,31,0.555,0,0
2020,68,17,430,31,0.555,0,0
2020,68,18,430,31,0.555,0,0
2020,68,19,430,31,0.555,0,0
2020,68,20,0,22,0.555,0,0
2020,68,21,0,22,0.555,0,0
2020,68,22,0,22,0.555,0,0
2020,68,23,0,22,0.555,0,0
2020,69,0,0,22,0.555,0,0.000462963
2020,69,1,0,22,0.555,0,0
2020,69,2,0,22,0.555,0,0
2020,69,3,0,22,0.555,0,0
2020,69,4,0,22,0.555,0,0
2020,69,5,0,22,0.555,0,0
2020,69,6,0,22,0.555,0,0
2020,69,7,0,22,0.555,0,0
2020,69,8,430,31,0.555,0,0
2020,69,9,430,31,0.555,0,0
2020,69,10,430,31,0.555,0,0
2020,69,11,430,31,0.555,0,0
2020,69,12,430,31,0.555,0,0
2020,69,13,430,31,0.555,0,0
2020,69,14,430,31,0.555,0,0
2020,69,15,430,31,0.555,0,0
2020,69,16,430,31,0.555,0,0
2020,69,17,430,31,0.555,0,0
2020,69,18,430,31,0.555,0,0
2020,69,19,430,31,0.555,0,0
2020,69,20,0,22,0.555,0,0
2020,69,21,0,22,0.555,0,0
2020,69,22,0,22,0.555,0,0
2020,69,23,0,22,0.555,0,0
2020,70,0,0,22,0.555,0,0.000462963
2020,70,1,0,22,0.555,0,0
2020,70,2,0,22,0.555,0,0
2020,70,3,0,22,0.555,0,0
2020,70,4,0,22,0.555,0,0
2020,70,5,0,22,0.555,0,0
2020,70,6,0,22,0.555,0,0
2020,70,7,0,22,0.555,0,0
2020,70,8,430,31,0.555,0,0
2020,70,9,430,31,0.555,0,0
2020,70,10,430,31,0.555,0,0
2020,70,11,430,31,0.555,0,0
2020,70,12,430,31,0.555,0,0
2020,70,13,430,31,0.555,0,0
2020,70,14,430,31,0.555,0,0
2020,70,15,430,31,0.555,0,0
2020,70,16,430,31,0.555,0,0
2020,70,17,430,31,0.555,0,0
2020,70,18,430,31,0.555,0,0
2020,70,19,430,31,0.555,0,0
2020,70,20,0,22,0.555,0,0
2020,70,21,0,22,0.555,0,0
2020,70,22,0,22,0.555,0,0
2020,70,23,0,22,0.555,0,0
2020,71,0,0,22,0.555,0,0.000462963
2020,71,1,0,22,0.555,0,0
2020,71,2,0,22,0.555,0,0
2020,71,3,0,22,0.555,0,0
2020,71,4,0,22,0.555,0,0
2020,71,5,0,22,0.555,0,0
2020,71,6,0,22,0.555,0,0
2020,71,7,0,22,0.555,0,0
2020,71,8,430,31,0.555,0,0
2020,71,9,430,31,0.555,0,0
2020,71,10,430,31,0.555,0,0
2020,71,11,430,31,0.555,0,0
2020,71,12,430,31,0.555,0,0
2020,71,13,430,31,0.555,0,0
2020,71,14,430,31,0.555,0,0
2020,71,15,430,31,0.555,0,0
2020,71,16,430,31,0.555,0,0
2020,71,17,430,31,0.555,0,0
2020,71,18,430,31,0.555,0,0
2020,71,19,430,31,0.555,0,0
2020,71,20,0,22,0.555,0,0
2020,71,21,0,22,0.555,0,0
2020,71,22,0,22,0.555,0,0
2020,71,23,0,22,0.555,0,0
2020,72,0,0,22,0.555,0,0.000462963
2020,72,1,0,22,0.555,0,0
2020,72,2,0,22,0.555,0,0
2020,72,3,0,22,0.555,0,0
2020,72,4,0,22,0.555,0,0
2020,72,5,0,22,0.555,0,0
2020,72,6,0,22,0.555,0,0
2020,72,7,0,22,0.555,0,0
2020,72,8,430,31,0.555,0,0
2020,72,9,430,31,0.555,0,0
2020,72,10,430,31,0.555,0,0
2020,72,11,430,31,0.555,0,0
2020,72,12,430,31,0.555,0,0
2020,72,13,430,31,0.555,0,0
2020,72,14,430,31,0.555,0,0
2020,72,15,430,31,0.555,0,0
2020,72,16,430,31,0.555,0,0
2020,72,17,430,31,0.555,0,0
2020,72,18,430,31,0.555,0,0
2020,72,19,430,31,0.555,0,0
2020,72,20,0,22,0.555,0,0
2020,72,21,0,22,0.555,0,0
2020,72,22,0,22,0.555,0,0
2020,72,23,0,22,0.555,0,0
2020,73,0,0,22,0.555,0,0.000462963
2020,73,1,0,22,0.555,0,0
2020,73,2,0,22,0.555,0,0
2020,73,3,0,22,0.555,0,0
2020,73,4,0,22,0.555,0,0
2020,73,5,0,22,0.555,0,0
2020,73,6,0,22,0.555,0,0
2020,73,7,0,22,0.555,0,0
2020,73,8,430,31,0.555,0,0
2020,73,9,430,31,0.555,0,0
2020,73,10,430,31,0.555,0,0
2020,73,11,430,31,0.555,0,0
2020,73,12,430,31,0.555,0,0
2020,73,13,430,31,0.555,0,0
2020,73,14,430,31,0.555,0,0
2020,73,15,430,31,0.555,0,0
2020,73,16,430,31,0.555,0,0
2020,73,17,430,31,0.555,0,0
2020,73,18,430,31,0.555,0,0
2020,73,19,430,31,0.555,0,0
2020,73,20,0,22,0.555,0,0
2020,73,21,0,22,0.555,0,0
2020,73,22,0,22,0.555,0,0
2020,73,23,0,22,0.555,0,0
2020,74,0,0,22,0.555,0,0.000462963
2020,74,1,0,22,0.555,0,0
2020,74,2,0,22,0.555,0,0
2020,74,3,0,22,0.555,0,0
2020,74,4,0,22,0.555,0,0
2020,74,5,0,22,0.555,0,0
2020,74,6,0,22,0.555,0,0
2020,74,7,0,22,0.555,0,0
2020,74,8,430,31,0.555,0,0
2020,74,9,430,31,0.555,0,0
2020,74,10,430,31,0.555,0,0
2020,74,11,430,31,0.555,0,0
2020,74,12,430,31,0.555,0,0
2020,74,13,430,31,0.555,0,0
2020,74,14,430,31,0.555,0,0
2020,74,15,430,31,0.555,0,0
2020,74,16,430,31,0.555,0,0
2020,74,17,430,31,0.555,0,0
2020,74,18,430,31,0.555,0,0
2020,74,19,430,31,0.555,0,0
2020,74,20,0,22,0.555,0,0
2020,74,21,0,22,0.555,0,0
2020,74,22,0,22,0.555,0,0
2020,74,23,0,22,0.555,0,0
2020,75,0,0,22,0.555,0,0.000462963
2020,75,1,0,22,0.555,0,0
2020,75,2,0,22,0.555,0,0
2020,75,3,0,22,0.555,0,0
2020,75,4,0,22,0.555,0,0
2020,75,5,0,22,0.555,0,0
2020,75,6,0,22,0.555,0,0
2020,75,7,0,22,0.555,0,0
2020,75,8,430,31,0.555,0,0
2020,75,9,430,31,0.555,0,0
2020,75,10,430,31,0.555,0,0
2020,75,11,430,31,0.555,0,0
2020,75,12,430,31,0.555,0,0
2020,75,13,430,31,0.555,0,0
2020,75,14,430,31,0.555,0,0
2020,75,15,430,31,0.555,0,0
2020,75,16,430,31,0.555,0,0
2020,75,17,430,31,0.555,0,0
2020,75,18,430,31,0.555,0,0
2020,75,19,430,31,0.555,0,0
2020,75,20,0,22,0.555,0,0
2020,75,21,0,22,0.555,0,0
2020,75,22,0,22,0.555,0,0
2020,75,23,0,22,0.555,0,0
2020,76,0,0,22,0.555,0,0.000462963
2020,76,1,0,22,0.555,0,0
2020,76,2,0,22,0.555,0,0
2020,76,3,0,22,0.555,0,0
2020,76,4,0,22,0.555,0,0
2020,76,5,0,22,0.555,0,0
2020,76,6,0,22,0.555,0,0
2020,76,7,0,22,0.555,0,0
2020,76,8,430,31,0.555,0,0
2020,76,9,430,31,0.555,0,0
2020,76,10,430,31,0.555,0,0
2020,76,11,430,31,0.555,0,0
2020,76,12,430,31,0.555,0,0
2020,76,13,430,31,0.555,0,0
2020,76,14,430,31,0.555,0,0
2020,76,15,430,31,0.555,0,0
2020,76,16,430,31,0.555,0,0
2020,76,17,430,31,0.555,0,0
2020,76,18,430,31,0.555,0,0
2020,76,19,430,31,0.555,0,0
2020,76,20,0,22,0.555,0,0
2020,76,21,0,22,0.555,0,0
2020,76,22,0,22,0.555,0,0
2020,76,23,0,22,0.555,0,0
2020,77,0,0,22,0.555,0,0.000462963
2020,77,1,0,22,0.555,0,0
2020,77,2,0,22,0.555,0,0
2020,77,3,0,22,0.555,0,0
2020,77,4,0,22,0.555,0,0
2020,77,5,0,22,0.555,0,0
2020,77,6,0,22,0.555,0,0
2020,77,7,0,22,0.555,0,0
2020,77,8,430,31,0.555,0,0
2020,77,9,430,31,0.555,0,0
2020,77,10,430,31,0.555,0,0
2020,77,11,430,31,0.555,0,0
2020,77,12,430,31,0.555,0,0
2020,77,13,430,31,0.555,0,0
2020,77,14,430,31,0.555,0,0
2020,77,15,430,31,0.555,0,0
2020,77,16,430,31,0.555,0,0
2020,77,17,430,31,0.555,0,0
2020,77,18,430,31,0.555,0,0
2020,77,19,430,31,0.555,0,0
2020,77,20,0,22,0.555,0,0
2020,77,21,0,22,0.555,0,0
2020,77,22,0,22,0.555,0,0
2020,77,23,0,22,0.555,0,0
2020,78,0,0,22,0.555,0,0.000462963
2020,78,1,0,22,0.555,0,0
2020,78,2,0,22,0.555,0,0
2020,78,3,0,22,0.555,0,0
2020,78,4,0,22,0.555,0,0
2020,78,5,0,22,0.555,0,0
2020,78,6,0,22,0.555,0,0
2020,78,7,0,22,0.555,0,0
2020,78,8,430,31,0.555,0,0
2020,78,9,430,31,0.555,0,0
2020,78,10,430,31,0.555,0,0
2020,78,11,430,31,0.555,0,0
2020,78,12,430,31,0.555,0,0
2020,78,13,430,31,0.555,0,0
2020,78,14,430,31,0.555,0,0
2020,78,15,430,31,0.555,0,0
2020,78,16,430,31,0.555,0,0
2020,78,17,430,31,0.555,0,0
2020,78,18,430,31,0.555,0,0
2020,78,19,430,31,0.555,0,0
2020,78,20,0,22,0.555,0,0
2020,78,21,0,22,0.555,0,0
2020,78,22,0,22,0.555,0,0
2020,78,23,0,22,0.555,0,0
2020,79,0,0,22,0.555,0,0.000462963
2020,79,1,0,22,0.555,0,0
2020,79,2,0,22,0.555,0,0
2020,79,3,0,22,0.555,0,0
2020,79,4,0,22,0.555,0,0
2020,79,5,0,22,0.555,0,0
2020,79,6,0,22,0.555,0,0
2020,79,7,0,22,0.555,0,0
2020,79,8,430,31,0.555,0,0
2020,79,9,430,31,0.555,0,0
2020,79,10,430,31,0.555,0,0
2020,79,11,430,31,0.555,0,0
2020,79,12,430,31,0.555,0,0
2020,79,13,430,31,0.555,0,0
2020,79,14,430,31,0.555,0,0
2020,79,15,430,31,0.555,0,0
2020,79,16,430,31,0.555,0,0
2020,79,17,430,31,0.555,0,0
2020,79,18,430,31,0.555,0,0
2020,79,19,430,31,0.555,0,0
2020,79,20,0,22,0.555,0,0
2020,79,21,0,22,0.555,0,0
2020,79,22,0,22,0.555,0,0
2020,79,23,0,22,0.555,0,0
2020,80,0,0,22,0.555,0,0.000462963
2020,80,1,0,22,0.555,0,0
2020,80,2,0,22,0.555,0,0
2020,80,3,0,22,0.555,0,0
2020,80,4,0,22,0.555,0,0
2020,80,5,0,22,0.555,0,0
2020,80,6,0,22,0.555,0,0
2020,80,7,0,22,0.555,0,0
2020,80,8,430,31,0.555,0,0
2020,80,9,430,31,0.555,0,0
2020,80,10,430,31,0.555,0,0
2020,80,11,430,31,0.555,0,0
2020,80,12,430,31,0.555,0,0
2020,80,13,430,31,0.555,0,0
2020,80,14,430,31,0.555,0,0
2020,80,15,430,31,0.555,0,0
2020,80,16,430,31,0.555,0,0
2020,80,17,430,31,0.555,0,0
2020,80,18,430,31,0.555,0,0
2020,80,19,430,31,0.555,0,0
2020,80,20,0,22,0.555,0,0
2020,80,21,0,22,0.555,0,0
2020,80,22,0,22,0.555,0,0
2020,80,23,0,22,0.555,0,0
