species,rep,obs,time,elapsed,date,hhmmss,TIME,E,A,Ca,Ci,Pci,Pca,gsw,gbw,gtw,gtc,Rabs,TleafEB,TleafCnd,SVPleaf,RHcham,VPcham,SVPcham,VPDleaf,LatHFlux,SenHFlux,NetTherm,EBSum,blfa_1,blfa_2,blfa_3,Leak,LeakPct,CorrFact,CorrFactPct,Fan,DarkAdaptedID,Fo,Fm,Fv,Fv/Fm,Adark,LightAdaptedID,Fs,Fm',PhiPS2,PS2/1,Qabs_fs,Afs,ETR,Fv'/Fm',PhiCO2,NPQ,DarkPulseID,Fo',Fv',qP,qN,qP_Fo,qN_Fo,ID,P1_dur,P2_dur,P3_dur,P1_Qmax,P1_Fmax,P2_dQdt,P3_?F,Qin,Qabs,alpha,convert,TIME,CO2_s,CO2_r,H2O_s,H2O_r,Flow,Pa,?Pcham,Tair,Tleaf,Tleaf2,Offset,Offset2,Fan_speed,Qamb_in,Qamb_out,Q,f_red,f_blue,f_farred,F,Q_modavg,F_dc,Pc,Tled,TDigital,TPreamp,TPwrSpy,TDrive,Q_red,Q_blue,Q_farred,TSPF,F_avg,dF/dt,dF_dc/dt,F_dc_avg,period,time,hhmmss,count,co2_adj,h2o_adj,co2_at,h2o_at,co2_cv,h2o_cv,CO2_s:MN,CO2_s:SLP,CO2_s:SD,CO2_s:OK,Stable,Total,State,ADC_CH1,ADC_CH2,ADC_CH3,ADC_CH4,ADC_CH5,ADC_CH6,ADC_CH7,ADC_CH8,DAC_1,DAC_2,DAC_3,DAC_4,GPIO,GPIO_dir,excit_5v,power_12v,power_5v,ch1_pullup,AuxPower,MatchValveR,MatchValveS,MatchCO2,MatchH2O,DIAG,Flow_s,Flow_r,Txchg,Tirga,Tchopper,Ts,Tr,CO2_%,Desiccant_%,Humidifier_%,Txchg_sp,CO2_r_sp,H2O_r_sp,SS_s,SS_r,,,,
A10,plant_1,19,1553443862,2751.5,20190324 11:11:01,11:11:01,1553443862,0.002278211,25.89263491,399.951,115.8767044,11.66054739,40.24663638,0.152240165,3.484295575,0.148638972,0.093215816,241.6715014,25.38450518,25.0079,3.181175497,53.74149106,1.67604507,3.118717096,1.505130428,-100.4691135,-62.40222295,-3.782277228,75.01788774,-0.041754134,0.046872673,3.493009659,0,0,1,0,53653.09555,MPF-2750-20190324-10_26_59,65.34423077,556.1237692,490.7795385,0.882500561,-1.015571362,MPF-2785-20190324-11_12_50,197.8393846,240.297,0.176688079,0.5,1261.2363,25.89263491,111.4227097,0.475648885,0.021334786,1.314318403,DARK-2786-20190324-11_12_53,126,114.297,0.371467452,0.73426951,0.242680442,0.643520653,2785,300,300,300,7139.23,233.47,-0.00483162,3.16322,1500.03,1261.2363,0.840807384,0.191614768,1553443862,399.951,406.839,16.6557,16.08,500.042,100.429,0.199918,24.6757,25.0079,999.9,0,0,10026.2,0,6.08292,1500.03,0.972999,0.0270006,0,197.99,4.99951,3610.47,13592.1,41.25,42.875,42.187,42.875,43.625,1454.66,40.37,0,150,197.8393846,-0.513162376,-11.93162394,3611.570769,15,1553443780,11:09:40,20,0.507,0.126,407,16,0.31,0.28,399.9641905,0.052207792,0.012164034,1,1.502537967,0.011454177,0-Jan,1,2,2,2/2,1.87851,1.8837,1.88156,1.87867,1.87844,1.88065,1.87958,1.87546,5,0,0,0,11111111,oooooooo,off,off,off,off,0,100,100,0.507,0.126,2,514.3,532.23,21.4215,26.7293,30.0003,26.7577,26.7329,20.5608,27.9389,41.9781,21.3955,406.972,16.0353,100.036,100.235
A10,plant_1,20,1553444036,2926,20190324 11:13:56,11:13:56,1553444036,0.002284284,25.88037806,393.071,109.9941932,11.06903179,39.55586442,0.152638681,3.484597208,0.149019157,0.093455024,241.6454036,25.41345979,24.9932,3.178388746,53.5458923,1.67299134,3.124406501,1.505397405,-100.7369034,-53.91628055,-3.26791047,83.72430925,-0.041758712,0.046877813,3.493312248,0,0,1,0,53653.32571,MPF-2750-20190324-10_26_59,65.34423077,556.1237692,490.7795385,0.882500561,-1.015571362,MPF-2787-20190324-11_15_45,196.5237692,238.064,0.174491863,0.5,1261.1016,25.88037806,110.0259836,0.500134418,0.021327345,1.336026317,DARK-2788-20190324-11_15_48,119,119.064,0.348889931,0.727619479,0.240506521,0.648070558,2787,300,300,300,7138.41,232.472,-0.00483113,2.67778,1499.87,1261.1016,0.84080727,0.19161454,1553444036,393.071,399.953,16.6247,16.0474,500.001,100.433,0.199874,24.7062,24.9932,999.9,0,0,10026.9,0,6.13977,1499.87,0.972999,0.0270006,0,196.281,4.99951,3590.09,13590.6,41.5,43.125,42.5,43.125,43.875,1454.51,40.36,0,174,196.5237692,-0.291897434,-5.005470054,3591.027308,15,1553444054,11:14:13,21,0.581,0.125,400,16,0.37,0.14,393.0217619,-0.17438961,0.013756054,1,1.505312039,0.001060457,0-Jan,1,2,2,2/2,1.87851,1.8837,1.88157,1.87872,1.87847,1.88068,1.87964,1.87553,5,0,0,0,11111111,oooooooo,off,off,off,off,0,100,100,0.581,0.125,2,514.377,531.069,21.4276,26.7658,30.0001,26.7894,26.7622,20.2838,27.6401,40.483,21.4327,400,16.0751,100.035,100.227
A10,plant_1,21,1553444126,3016,20190324 11:15:26,11:15:26,1553444126,0.00234654,21.97301246,294.111,59.62130529,5.999860799,29.59722285,0.156012269,3.481002044,0.152229313,0.095475564,241.6773234,25.43959945,25.0295,3.185274189,53.37337945,1.671501276,3.1317134,1.513772913,-103.4823933,-53.3351837,-3.237257347,81.62248904,-0.041704155,0.046816568,3.489705698,0,0,1,0,53579.08902,MPF-2750-20190324-10_26_59,65.34423077,556.1237692,490.7795385,0.882500561,-1.015571362,MPF-2789-20190324-11_17_15,196.8103846,234.317,0.160067837,0.5,1261.2696,21.97301246,100.9443485,0.477630731,0.018226542,1.373382082,DARK-2790-20190324-11_17_17,122.4,111.917,0.335128849,0.741962493,0.221968401,0.65570535,2789,300,300,300,7138.1,227.798,-0.00483087,2.49263,1500.07,1261.2696,0.840807163,0.191614325,1553444126,294.111,299.935,16.6099,16.0169,500.037,100.433,0.199832,24.7453,25.0295,999.9,0,0,10013.8,0,6.13977,1500.07,0.973004,0.0269965,0,196.257,4.99951,3594.43,13592.5,41.625,43.25,42.625,43.25,44,1454.71,40.36,0,89.5999999,196.8103846,-3.163350422,-35.09162388,3598.125,15,1553444145,11:15:44,22,0.48,0.121,300,16,0.48,0.17,294.2512857,-0.409402597,0.024346982,1,1.51766478,-0.023125919,0.00241498,1,2,2,2/2,1.87851,1.8837,1.88157,1.87872,1.87848,1.88066,1.87962,1.87549,5,0,0,0,11111111,oooooooo,off,off,off,off,0,100,100,0.48,0.121,2,514.302,530.436,21.1676,26.7704,30.0001,26.7961,26.7689,16.1515,27.6501,39.736,21.1428,300,16.0464,100.042,100.23
A10,plant_1,22,1553444219,3109,20190324 11:16:59,11:16:59,1553444219,0.002653608,16.74206342,195.55,39.14129309,3.938860383,19.67855651,0.178703077,3.480260939,0.173757453,0.109031352,241.6725354,25.38076334,24.986,3.177024585,53.52787355,1.67725102,3.133416123,1.499773565,-117.0241346,-43.4546049,-2.637645603,78.5561503,-0.041692912,0.046803946,3.488962246,0,0,1,0,53563.57995,MPF-2750-20190324-10_26_59,65.34423077,556.1237692,490.7795385,0.882500561,-1.015571362,MPF-2791-20190324-11_18_48,199.7036154,231.248,0.136409329,0.5,1261.2444,16.74206342,86.02275146,0.516536359,0.014079456,1.404880342,DARK-2792-20190324-11_18_51,111.8,119.448,0.264084661,0.731169007,0.190136636,0.661958667,2791,300,300,300,7137.85,225.52,-0.00483067,1.89082,1500.04,1261.2444,0.840807179,0.191614357,1553444219,195.55,199.986,16.6672,15.9966,500.008,100.432,0.199841,24.7544,24.986,999.9,0,0,10011.2,0,6.13977,1500.04,0.973004,0.0269965,0,199.518,4.99951,3645.14,13592.2,41.75,43.375,42.75,43.375,44.125,1454.68,40.36,0,92.5,199.7036154,-2.901743582,-37.13880343,3649.915,15,1553444239,11:17:18,23,0.203,0.118,200,16,0.26,0.15,195.8761429,-0.448831169,0.026546071,1,1.502424522,-0.018332194,0-Jan,1,2,2,2/2,1.87851,1.8837,1.88156,1.87868,1.87843,1.88067,1.8796,1.87546,5,0,0,0,11111111,oooooooo,off,off,off,off,0,100,100,0.203,0.118,2,514.472,529.508,21.437,26.7658,29.9998,26.7939,26.7667,11.8439,27.8823,38.9928,21.4412,200,15.9315,100.052,100.235
A10,plant_1,23,1553444313,3203,20190324 11:18:33,11:18:33,1553444313,0.003030877,9.22353946,97.5375,21.8304439,2.196842213,9.815398089,0.204288546,3.48234706,0.197856562,0.12422137,241.6661515,25.39239054,24.9981,3.179317426,53.15050369,1.67496001,3.151353033,1.504357416,-133.6616733,-27.80433765,-1.687595762,78.51254479,-0.041724563,0.046839477,3.491054974,0,0,1,0,53585.36079,MPF-2750-20190324-10_26_59,65.34423077,556.1237692,490.7795385,0.882500561,-1.015571362,MPF-2793-20190324-11_20_22,208.9135,232.597,0.101822036,0.5,1261.2108,9.22353946,64.20952547,0.518480462,0.008118477,1.390932683,DARK-2794-20190324-11_20_24,112,120.597,0.196385482,0.728460829,0.141603037,0.659209979,2793,300,300,300,7137.66,227.472,-0.00483049,3.12012,1500,1261.2108,0.8408072,0.191614401,1553444313,97.5375,99.9837,16.6444,15.8785,500.046,100.432,0.200045,24.85,24.9981,999.9,0,0,10018.8,0,6.13977,1500,0.973004,0.0269965,0,209.431,4.99951,3810.66,13591.9,41.812,43.437,42.812,43.437,44.187,1454.64,40.36,0,93.79999995,208.9135,0.460683764,2.425299147,3810.505385,15,1553444337,11:18:56,24,-0.044,0.118,100,16,0.46,0.17,97.82898571,-0.491485714,0.027774916,1,1.508688888,-0.024469239,0-Jan,1,2,2,2/2,1.87852,1.8837,1.88161,1.87873,1.8785,1.88075,1.87965,1.8755,5,0,0,0,11111111,oooooooo,off,off,off,off,0,100,100,-0.044,0.118,2,514.508,528.629,21.5578,26.7568,30,26.7884,26.7599,7.39608,27.9887,38.2449,21.5615,100,15.9008,100.056,100.239
A10,plant_1,24,1553444401,3291,20190324 11:20:01,11:20:01,1553444401,0.003128701,4.630381399,48.7722,11.73455713,1.180859455,4.907992088,0.209966466,3.478201829,0.203170562,0.127573863,241.6629595,25.42197949,25.0245,3.184325008,52.89830275,1.67206349,3.160901962,1.512261518,-137.9757186,-23.21458195,-1.411245533,79.06141343,-0.041661679,0.046768884,3.486896619,0,0,1,0,53498.79278,MPF-2750-20190324-10_26_59,65.34423077,556.1237692,490.7795385,0.882500561,-1.015571362,MPF-2795-20190324-11_21_50,217.4991538,233.516,0.06858993,0.5,1261.194,4.630381399,43.25260426,0.465561246,0.004476673,1.38152319,DARK-2796-20190324-11_21_53,124.8,108.716,0.147327405,0.747948043,0.095240992,0.657337448,2795,300,300,300,7137.53,231.088,-0.00483032,1.94188,1499.98,1261.194,0.840807211,0.191614422,1553444401,48.7722,50.0014,16.6158,15.8251,500.01,100.431,0.199935,24.9007,25.0245,999.9,0,0,10003.8,0,6.13977,1499.98,0.973004,0.0269965,0,218.057,4.99951,3962.14,13591.7,41.937,43.5,42.937,43.5,44.25,1454.62,40.36,0,87.69999981,217.4991538,-0.479316254,-5.301196586,3962.966923,15,1553444419,11:20:19,25,-0.069,0.114,50,16,0.29,0.11,48.82200952,-0.491438961,0.026131771,1,1.515423435,-0.010080395,0-Jan,1,2,2,2/2,1.87852,1.8837,1.88157,1.87875,1.87847,1.8807,1.87963,1.87552,5,0,0,0,11111111,oooooooo,off,off,off,off,0,100,100,-0.069,0.114,2,514.39,528.537,21.4848,26.7455,30,26.7781,26.7509,5.17773,28.2233,37.4997,21.4805,50,15.8452,100.063,100.243
A10,plant_1,25,1553444480,3370,20190324 11:21:20,11:21:20,1553444480,0.003320882,1.307165001,19.6293,9.625849108,0.968650534,1.975299187,0.223459661,3.475757679,0.215774224,0.135527375,241.6597675,25.4036659,25.0192,3.183319145,52.81838459,1.671929507,3.165430977,1.511389638,-146.4508796,-17.70788703,-1.077344552,76.42365637,-0.041624616,0.046727278,3.484444733,0,0,1,0,53448.81547,MPF-2750-20190324-10_26_59,65.34423077,556.1237692,490.7795385,0.882500561,-1.015571362,MPF-2797-20190324-11_23_09,217.0572692,231.885,0.063944329,0.5,1261.1772,1.307165001,40.32256502,0.468702158,0.001841721,1.398274012,DARK-2798-20190324-11_23_11,123.2,108.685,0.136428493,0.748951183,0.089033639,0.660660732,2797,300,300,300,7137.37,227.598,-0.00483019,1.0965,1499.96,1261.1772,0.840807222,0.191614444,1553444480,19.6293,19.982,16.6146,15.7753,499.992,100.43,0.200139,24.9247,25.0192,999.9,0,0,9995,0,6.13977,1499.96,0.973004,0.0269965,0,217.027,4.99951,3947.08,13591.5,42,43.625,43,43.562,44.312,1454.6,40.36,0,78.19999981,217.0572692,-3.171931629,-65.07282051,3954.786923,15,1553444502,11:21:42,26,0.09,0.11,20,16,0.35,0.09,19.50200952,-0.398649351,0.020810481,1,1.511457971,0.012719607,0-Jan,1,2,2,2/2,1.87851,1.8837,1.88158,1.87873,1.87849,1.88069,1.87961,1.8755,5,0,0,0,11111111,oooooooo,off,off,off,off,0,100,100,0.09,0.11,2,514.526,527.544,21.5511,26.7432,30.0001,26.7758,26.7509,3.86635,28.2914,37.1278,21.5282,20,15.7875,100.07,100.244
A10,plant_1,26,1553444563,3453,20190324 11:22:43,11:22:43,1553444563,0.003467942,0.871644409,9.81512,3.50754138,0.352956015,0.987673491,0.234202972,3.484268182,0.225795564,0.141852455,241.6597675,25.40450349,25.0181,3.183110416,52.80341571,1.674898668,3.17195137,1.508211748,-152.9362204,-11.06400372,-0.671600666,76.98794268,-0.041753718,0.046872206,3.49298218,0,0,1,0,53601.51238,MPF-2750-20190324-10_26_59,65.34423077,556.1237692,490.7795385,0.882500561,-1.015571362,MPF-2799-20190324-11_24_32,214.7680385,226.629,0.052336469,0.5,1261.1772,0.871644409,33.00278046,0.472265244,0.001496392,1.453894997,DARK-2800-20190324-11_24_35,119.6,107.029,0.110820072,0.754815184,0.073540494,0.671370225,2799,300,300,300,7137.3,223.802,-0.00483016,1.66434,1499.96,1261.1772,0.840807222,0.191614444,1553444563,9.81512,10.0479,16.6445,15.768,499.958,100.428,0.199755,24.9592,25.0181,999.9,0,0,10026.2,0,6.13977,1499.96,0.973004,0.0269965,0,214.357,4.99951,3913.13,13591.5,42.062,43.625,43,43.625,44.375,1454.6,40.36,0,82.69999981,214.7680385,-0.623692298,-16.42632481,3915.205769,15,1553444582,11:23:01,27,0.069,0.109,10,16,0.4,0.13,9.830090476,-0.131837922,0.01349625,1,1.508483769,-0.002101177,0-Jan,1,2,2,2/2,1.87851,1.88371,1.88158,1.87872,1.87849,1.88067,1.87966,1.87553,5,0,0,0,11111111,oooooooo,off,off,off,off,0,100,100,0.069,0.109,2,514.574,527.241,21.6176,26.7409,30.0001,26.7736,26.7464,3.43764,27.9781,36.3776,21.613,10,15.7382,100.077,100.247
A10,plant_1,33,1553445152,4041.5,20190324 11:32:31,11:32:31,1553445152,0.001779786,22.32586871,393.997,79.16082368,7.965792199,39.64711436,0.117452688,3.481880757,0.115295212,0.072250047,241.6703774,25.51546322,25.0519,3.189529558,53.60169874,1.673694545,3.122465489,1.515835014,-78.48857794,-66.84536683,-4.055700871,92.28073181,-0.041717487,0.046831534,3.490587194,0,0,1,0,53604.31255,MPF-2750-20190324-10_26_59,65.34423077,556.1237692,490.7795385,0.882500561,-1.015571362,MPF-2813-20190324-11_34_20,191.7867692,226.142,0.151918842,0.5,1261.2357,22.32586871,95.80273355,0.504735962,0.018506803,1.459179494,DARK-2814-20190324-11_34_23,112,114.142,0.30098676,0.742995066,0.213654897,0.672362524,2813,300,300,300,7136.44,219.754,-0.00482964,2.19728,1500.03,1261.2357,0.840806984,0.191613968,1553445152,393.997,399.915,16.6325,16.1827,499.997,100.428,0.19996,24.6958,25.0519,999.9,0,0,10017.5,0,6.13977,1500.03,0.973008,0.0269923,0,191.546,4.99951,3519.31,13592.1,42.25,43.937,43.312,43.812,44.562,1454.68,40.35,0,77.89999986,191.7867692,-0.091829052,-21.40239319,3521.123846,15,1553445170,11:32:50,34,0.547,0.128,400,16,0.4,0.23,394.0567619,0.00374026,0.015256239,1,1.518174995,-0.015331177,0-Jan,1,2,2,2/2,1.87853,1.8837,1.88159,1.87873,1.87849,1.88072,1.87969,1.87554,5,0,0,0,11111111,oooooooo,off,off,off,off,0,100,100,0.547,0.128,2,514.389,525.761,21.0078,26.7048,30.0001,26.7397,26.7127,20.3093,25.8818,33.4049,21.0064,400,16.1532,100.111,100.257
A10,plant_1,34,1553445231,4121,20190324 11:33:51,11:33:51,1553445231,0.001752664,22.76267834,393.979,69.90761599,7.034879107,39.64653345,0.116207035,3.476814999,0.114091618,0.071494116,241.6687815,25.46532475,25.0235,3.184135201,53.84611093,1.675577974,3.111790146,1.508557227,-77.29247374,-72.16518933,-4.382957517,87.82816087,-0.041640648,0.046745275,3.485505399,0,0,1,0,53519.99666,MPF-2750-20190324-10_26_59,65.34423077,556.1237692,490.7795385,0.882500561,-1.015571362,MPF-2815-20190324-11_35_40,191.8784615,224.958,0.14704762,0.5,1261.2273,22.76267834,92.73023629,0.465678038,0.018853263,1.472122659,DARK-2816-20190324-11_35_42,120.2,104.758,0.315771,0.759687341,0.207247399,0.674775013,2815,300,300,300,7136.44,220.576,-0.00482956,3.96977,1500.02,1261.2273,0.84080699,0.191613979,1553445231,393.979,400.006,16.6507,16.2078,500.039,100.431,0.200083,24.6385,25.0235,999.9,0,0,9998.75,0,6.13977,1500.02,0.973008,0.0269923,0,191.728,4.99951,3519.71,13592,42.312,43.937,43.312,43.875,44.625,1454.67,40.35,0,79.19999981,191.8784615,-0.519863241,-19.69299145,3521.654615,15,1553445250,11:34:09,35,0.599,0.13,400,16,0.39,0.22,393.9131429,0.429818182,0.022539459,1,1.511375897,-0.024170574,0-Jan,1,2,2,2/2,1.87855,1.88371,1.88158,1.87877,1.87851,1.8807,1.87964,1.87551,5,0,0,0,11111111,oooooooo,off,off,off,off,0,100,100,0.599,0.13,2,514.403,525.46,20.8612,26.6937,30.0001,26.7284,26.7028,20.3038,25.6938,33.0328,20.8504,400,16.1507,100.117,100.261
A10,plant_1,35,1553445314,4204,20190324 11:35:14,11:35:14,1553445314,0.001784627,26.00872638,493.096,128.6872467,12.94964244,49.61965581,0.118516452,3.484652256,0.116321825,0.072894934,241.6703774,25.44730823,24.9973,3.179165788,53.77744231,1.672520996,3.110079105,1.506644792,-78.70206619,-69.13416265,-4.188677293,89.64547132,-0.041759548,0.046878751,3.493367471,0,0,1,0,53668.12887,MPF-2750-20190324-10_26_59,65.34423077,556.1237692,490.7795385,0.882500561,-1.015571362,MPF-2817-20190324-11_37_03,191.6921538,227.138,0.156054232,0.5,1261.2357,26.00872638,98.41058431,0.487536211,0.021426842,1.448395994,DARK-2818-20190324-11_37_05,116.4,110.738,0.320087469,0.748164626,0.219080415,0.6703331,2817,300,300,300,7136.44,223.532,-0.00482956,3.39305,1500.03,1261.2357,0.840806984,0.191613968,1553445314,493.096,500.006,16.6207,16.1697,500.029,100.429,0.199794,24.6293,24.9973,999.9,0,0,10027.5,0,6.13977,1500.03,0.973008,0.0269923,0,191.656,4.99951,3519.14,13592.1,42.312,43.937,43.312,43.875,44.625,1454.68,40.35,0,82.19999981,191.6921538,-1.553025644,-11.38564103,3520.657308,15,1553445332,11:35:31,36,0.597,0.127,500,16,0.26,0.17,493.0834762,0.423584416,0.027888586,1,1.508803637,-0.007022877,0-Jan,1,2,2,2/2,1.87854,1.8837,1.88167,1.87878,1.87849,1.88073,1.87967,1.87556,5,0,0,0,11111111,oooooooo,off,off,off,off,0,100,100,0.597,0.127,2,514.414,525.478,21.0819,26.6819,29.9999,26.7168,26.6902,24.3038,25.9193,32.66,21.0815,500,16.1479,100.122,100.265
A10,plant_1,36,1553445400,4290.1,20190324 11:36:40,11:36:40,1553445400,0.00171103,27.02619291,592.761,194.6759113,19.58953028,59.64738771,0.113058831,3.463966115,0.111048126,0.069582754,241.6687815,25.50826867,25.0338,3.186090683,53.66676204,1.673074403,3.117524404,1.51301628,-75.45641126,-68.07013486,-4.150438088,93.99179725,-0.041445972,0.046526734,3.472615886,0,0,1,0,53274.2208,MPF-2750-20190324-10_26_59,65.34423077,556.1237692,490.7795385,0.882500561,-1.015571362,MPF-2819-20190324-11_38_29,191.6406923,229.519,0.165033429,0.5,1261.2273,27.02619291,104.0723333,0.471939142,0.022233712,1.422996655,DARK-2820-20190324-11_38_31,121.2,108.319,0.349692184,0.75094716,0.230719421,0.665481634,2819,300,300,300,7136.41,225.826,-0.00482957,2.70618,1500.02,1261.2273,0.84080699,0.191613979,1553445400,592.761,599.967,16.6266,16.1942,500.027,100.426,0.20037,24.6693,25.0338,999.9,0,0,9952.5,0,5.69065,1500.02,0.973008,0.0269923,0,191.42,4.99951,3515.9,13592,42.312,44,43.375,43.875,44.625,1454.67,40.35,0,85.69999981,191.6406923,-2.366837601,-22.20717951,3518.386923,15,1553445419,11:36:58,37,0.625,0.132,600,16,0.43,0.26,592.7075714,0.440883117,0.023603009,1,1.513239917,0.008950573,0-Jan,1,2,2,2/2,1.87852,1.8837,1.88162,1.87878,1.8785,1.88069,1.8796,1.87552,5,0,0,0,11111111,oooooooo,off,off,off,off,0,100,100,0.625,0.132,2,514.613,525.392,21.1429,26.6621,30.0001,26.6993,26.6745,28.1731,25.6615,32.2894,21.112,600,16.1691,100.13,100.27
A10,plant_1,37,1553445495,4385.1,20190324 11:38:15,11:38:15,1553445495,0.001315247,27.93928233,692.591,155.3252784,15.63006963,69.69403607,0.08586348,3.468145809,0.084699761,0.053040592,241.6655895,25.52413774,25.0585,3.190784319,53.66477771,1.665906338,3.104282565,1.524877981,-58.00240211,-86.08314123,-5.241192529,92.33885362,-0.041509264,0.046597786,3.47680879,0,0,1,0,53365.13394,MPF-2750-20190324-10_26_59,65.34423077,556.1237692,490.7795385,0.882500561,-1.015571362,MPF-2821-20190324-11_40_04,191.1763846,232.483,0.177675853,0.5,1261.2105,27.93928233,112.0433259,0.479531837,0.022957987,1.392105097,DARK-2822-20190324-11_40_07,121,111.483,0.37051941,0.74379014,0.247139641,0.659442262,2821,300,300,300,7136.27,224.804,-0.00482954,2.48622,1500,1261.2105,0.840807,0.191614001,1553445495,692.591,700.005,16.5551,16.2227,500.034,100.428,0.199984,24.5981,25.0585,999.9,0,0,9967.5,0,6.13977,1500,0.973008,0.0269923,0,191.296,4.99951,3508.55,13591.8,42.312,44,43.375,43.937,44.687,1454.65,40.35,0,94.20000005,191.1763846,-0.08765812,-16.26358976,3510.202692,15,1553445518,11:38:37,38,0.572,0.13,700,16,0.36,0.24,692.6518095,0.463948052,0.034666601,1,1.526991007,-0.00986248,0-Jan,1,2,2,2/2,1.87852,1.8837,1.88158,1.87874,1.87848,1.88067,1.87959,1.87547,5,0,0,0,11111111,oooooooo,off,off,off,off,0,100,100,0.572,0.13,2,514.514,525.288,20.4601,26.6484,30.0001,26.6836,26.6588,31.9542,25.514,31.9178,20.4103,700,16.2386,100.133,100.274
A10,plant_1,38,1553445585,4475.1,20190324 11:39:45,11:39:45,1553445585,0.00104178,28.20603175,792.62,115.5486758,11.62736617,79.75931277,0.068409431,3.457801601,0.067666347,0.042357557,241.6639935,25.45939252,24.9887,3.177536085,54.0678664,1.665575142,3.080526851,1.511960943,-45.9424799,-96.75042296,-5.902399898,93.06869074,-0.041352685,0.046422012,3.466431904,0,0,1,0,53194.72689,MPF-2750-20190324-10_26_59,65.34423077,556.1237692,490.7795385,0.882500561,-1.015571362,MPF-2823-20190324-11_41_34,191.3094615,232.686,0.177821349,0.5,1261.2021,28.20603175,112.1343296,0.475688267,0.023169644,1.390018176,DARK-2824-20190324-11_41_37,122,110.686,0.373819078,0.745035845,0.247257685,0.659028635,2823,300,300,300,7136.25,225.228,-0.00482942,2.90198,1499.99,1261.2021,0.840807006,0.191614011,1553445585,792.62,800.081,16.5519,16.2886,500.011,100.427,0.200429,24.4697,24.9887,999.9,0,0,9930,0,6.13977,1499.99,0.973008,0.0269923,0,191.666,4.99951,3510.72,13591.7,42.375,44,43.375,43.937,44.687,1454.64,40.35,0,89.29999995,191.3094615,-0.746940186,-17.22222222,3512.768077,15,1553445625,11:40:24,39,0.975,0.13,800,16,0.39,1.23,792.1583333,0.496363636,0.02931168,1,1.514148406,-0.018037707,0-Jan,1,2,2,2/2,1.87857,1.8837,1.88163,1.87877,1.8785,1.88074,1.87962,1.8756,5,0,0,0,11111111,oooooooo,off,off,off,off,0,100,100,0.975,0.13,2,514.395,525.185,20.6188,26.6434,29.9995,26.6767,26.6504,35.6259,24.9995,31.5464,20.6509,800,16.3439,100.137,100.276
A10,plant_1,39,1553445697,4587.1,20190324 11:41:37,11:41:37,1553445697,0.001207297,28.19267824,892.297,307.2027461,30.9119083,89.78631665,0.079937927,3.484871937,0.078933048,0.049422387,241.6639935,25.42399809,24.9776,3.17543371,54.29600895,1.673454326,3.082094538,1.501979384,-53.24180694,-93.82548208,-5.679421448,88.91728303,-0.041762882,0.046882494,3.493587847,0,0,1,0,53699.38723,MPF-2750-20190324-10_26_59,65.34423077,556.1237692,490.7795385,0.882500561,-1.015571362,MPF-2825-20190324-11_43_26,191.2089231,233.092,0.179684746,0.5,1261.2021,28.19267824,113.3093898,0.516928938,0.023159056,1.385855238,DARK-2826-20190324-11_43_28,112.6,120.492,0.347600479,0.728330231,0.249678891,0.658201379,2825,300,300,300,7136.27,227,-0.0048295,3.27309,1499.99,1261.2021,0.840807006,0.191614011,1553445697,892.297,899.819,16.6308,16.3257,500.025,100.424,0.199802,24.4782,24.9776,999.9,0,0,10028.8,0,6.13977,1499.99,0.973008,0.0269923,0,191.014,4.99951,3509.94,13591.7,42.375,44,43.437,43.937,44.687,1454.64,40.35,0,111.7,191.2089231,-1.114529912,-6.056410277,3511.021154,15,1553445715,11:41:55,40,0.954,0.134,900,16,0.81,0.22,892.3534286,0.227844156,0.026670068,1,1.503518741,-0.009110179,0.001571099,1,2,2,2/2,1.87857,1.88371,1.88162,1.87878,1.87851,1.88074,1.87967,1.87554,5,0,0,0,11111111,oooooooo,off,off,off,off,0,100,100,0.954,0.134,2,514.364,525.069,20.9194,26.6484,29.9998,26.679,26.6535,39.2379,25.117,31.1756,20.9296,900,16.3198,100.138,100.272
A10,plant_1,40,1553445783,4673.1,20190324 11:43:03,11:43:03,1553445783,0.000950035,28.72703197,992.345,230.0840093,23.15198693,99.85378183,0.062039269,3.476623594,0.061430741,0.038448389,241.6608015,25.53124573,25.0525,3.18964361,54.06260526,1.671063748,3.090978949,1.518579862,-41.89655663,-98.62657697,-5.987913776,95.14975415,-0.041637745,0.046742017,3.485313389,0,0,1,0,53536.44783,MPF-2750-20190324-10_26_59,65.34423077,556.1237692,490.7795385,0.882500561,-1.015571362,MPF-2827-20190324-11_44_52,191.3976538,233.769,0.181253058,0.5,1261.1853,28.72703197,114.2968463,0.490950468,0.023583056,1.378945751,DARK-2828-20190324-11_44_55,119,114.769,0.369188075,0.737445071,0.251574316,0.656821941,2827,300,300,300,7136.21,226.686,-0.00482947,2.41599,1499.97,1261.1853,0.840807016,0.191614033,1553445783,992.345,999.97,16.607,16.3669,500.009,100.424,0.200059,24.5263,25.0525,999.9,0,0,9998.75,0,6.13977,1499.97,0.973008,0.0269923,0,191.639,4.99951,3511.96,13591.6,42.375,44.062,43.437,43.937,44.687,1454.62,40.35,0,85.20000005,191.3976538,-0.595794859,-22.26256412,3514.539231,15,1553445823,11:43:43,41,0.899,0.136,1000,16,0.58,0.26,992.4045714,0.486857143,0.027768724,1,1.518846061,-0.000777623,0.000429863,1,2,2,2/2,1.87855,1.88371,1.88161,1.87874,1.87851,1.88069,1.87962,1.87552,5,0,0,0,11111111,oooooooo,off,off,off,off,0,100,100,0.899,0.136,2,514.363,525,20.8018,26.6597,30.0001,26.688,26.6611,42.7758,24.9644,31.1756,20.7682,1000,16.3407,100.137,100.269
A10,plant_1,41,1553445887,4777.1,20190324 11:44:47,11:44:47,1553445887,0.000804031,29.78187807,1192,265.76811,26.74298729,119.9453195,0.052838831,3.464282694,0.052395155,0.032786523,241.6655895,25.4563115,24.986,3.177024585,54.39022928,1.67006751,3.070528535,1.506957074,-35.45777615,-106.5689127,-6.487365768,93.15153482,-0.041450765,0.046532115,3.472933466,0,0,1,0,53325.59999,MPF-2750-20190324-10_26_59,65.34423077,556.1237692,490.7795385,0.882500561,-1.015571362,MPF-2829-20190324-11_46_36,191.2383462,234.284,0.183732794,0.5,1261.2105,29.78187807,115.8628644,0.474142494,0.024418961,1.373716384,DARK-2830-20190324-11_46_39,123.2,111.084,0.387505436,0.743409792,0.25479882,0.65577259,2829,300,300,300,7136.24,227.788,-0.0048295,3.28535,1500,1261.2105,0.840807,0.191614001,1553445887,1192,1199.9,16.5969,16.3937,500.016,100.425,0.200268,24.4154,24.986,999.9,0,0,9953.75,0,6.13977,1500,0.973008,0.0269923,0,191.198,4.99951,3513.07,13591.8,42.375,44,43.437,44,44.687,1454.65,40.35,0,103.7,191.2383462,-0.062666672,-3.394871791,3513.344615,15,1553445910,11:45:09,42,0.949,0.137,1200,16,0.48,0.28,1191.914762,0.428571429,0.025933807,1,1.510541072,-0.017565613,0-Jan,1,2,2,2/2,1.87858,1.88371,1.88166,1.87881,1.87851,1.88071,1.87968,1.87558,5,0,0,0,11111111,oooooooo,off,off,off,off,0,100,100,0.949,0.137,2,514.415,525.049,20.5743,26.6725,29.9977,26.697,26.6678,49.6508,24.9644,30.8025,20.7159,1200,16.3566,100.14,100.269
A10,plant_1,42,1553445979,4869.1,20190324 11:46:19,11:46:19,1553445979,0.000774347,30.77062767,1491.985,491.8858079,49.49617125,150.1314815,0.050808198,3.47012568,0.05039851,0.031535602,241.6623975,25.50501393,25.0093,3.181441013,54.33247152,1.672674719,3.078591259,1.508766294,-34.14871923,-102.9134868,-6.25640792,98.3437836,-0.041539257,0.046631455,3.47879492,0,0,1,0,53427.01541,MPF-2750-20190324-10_26_59,65.34423077,556.1237692,490.7795385,0.882500561,-1.015571362,MPF-2831-20190324-11_48_08,191.4573077,237.364,0.193402084,0.5,1261.1937,30.77062767,121.9587451,0.48180853,0.025203265,1.342915393,DARK-2832-20190324-11_48_10,123,114.364,0.401408593,0.735955382,0.266868701,0.64949686,2831,300,300,300,7136.2,227.622,-0.00482948,3.31456,1499.98,1261.1937,0.840807011,0.191614022,1553445979,1491.985,1500.19,16.6228,16.4271,499.998,100.425,0.200329,24.4592,25.0093,999.9,0,0,9975,0,6.13977,1499.98,0.973008,0.0269923,0,191.387,4.99951,3514.46,13591.7,42.375,44.062,43.437,43.937,44.687,1454.63,40.35,0,91.29999995,191.4573077,-0.976683777,-20.40239317,3517.258846,15,1553446007,11:46:46,43,1.274,0.136,1500,16,0.75,0.24,1491.633333,0.475324675,0.031218635,1,1.509890226,-0.007429516,0-Jan,1,2,2,2/2,1.87859,1.88372,1.88167,1.87878,1.87851,1.88073,1.87965,1.87556,5,0,0,0,11111111,oooooooo,off,off,off,off,0,100,100,1.274,0.136,2,514.298,525.42,20.8381,26.6706,30.0002,26.6975,26.67,59.4919,25.2407,30.8025,20.8354,1500,16.3711,100.143,100.27
A10,plant_1,43,1553446098,4987.6,20190324 11:48:17,11:48:17,1553446098,0.000838471,11.77186602,396.861,51.49544299,5.181790076,39.9346092,0.055830262,3.475991664,0.055336833,0.03462949,241.6687815,25.39780704,24.9311,3.166639671,54.82569227,1.678646052,3.061787242,1.48799362,-36.97658498,-105.5611033,-6.401062158,92.73003101,-0.041628164,0.04673126,3.484679458,0,0,1,0,53553.20342,MPF-2750-20190324-10_26_59,65.34423077,556.1237692,490.7795385,0.882500561,-1.015571362,MPF-2833-20190324-11_50_07,199.0309615,222.84,0.106843648,0.5,1261.2273,11.77186602,67.3770627,0.440854425,0.010138884,1.49561914,DARK-2834-20190324-11_50_09,124.6,98.24,0.242355848,0.772341625,0.151172559,0.679090596,2833,300,300,300,7136.36,217.524,-0.00482952,2.44046,1500.02,1261.2273,0.84080699,0.191613979,1553446098,396.861,399.972,16.682,16.4701,499.982,100.426,0.200187,24.3678,24.9311,999.9,0,0,9996.25,0,6.13977,1500.02,0.973008,0.0269923,0,197.289,4.99951,3614.95,13592.1,42.312,44.062,43.437,43.937,44.687,1454.67,40.35,0,118.2,199.0309615,-13.83114531,-245.0379489,3646.463077,15,1553446118,11:48:38,44,0.565,0.138,400,16,0.41,0.22,397.9164286,-3.402701299,0.17269725,0,1.503791481,-0.070920555,0-Jan,1,1,2,1/2,1.87864,1.88373,1.8817,1.87881,1.87851,1.88077,1.87967,1.8756,5,0,0,0,11111111,oooooooo,off,off,off,off,0,100,100,0.565,0.138,2,514.578,522.661,20.6978,26.6562,29.9986,26.6884,26.6611,20.306,24.3389,30.4321,20.6905,400,16.4218,100.154,100.274
A10,plant_2,19,1553451276,2745.9,20190324 13:14:36,13:14:36,1553451276,0.002332601,27.01325624,400.003,109.7289211,11.03444893,40.22469768,0.155411553,3.469935111,0.151645635,0.095109274,241.6725354,25.58070528,25.0034,3.180322183,52.91989421,1.670810793,3.157245149,1.509511391,-102.8677158,-22.8413864,-1.391582793,114.5718504,-0.041570007,0.046665975,3.480830726,0,0,1,0,53387.82984,MPF-2838-20190324-12_30_39,62.45,520.414,457.964,0.879999385,-0.793854925,MPF-2873-20190324-13_16_25,183.8021538,228.578,0.195888695,0.5,1261.2444,27.01325624,123.5317599,0.522263735,0.022047361,1.276745794,DARK-2874-20190324-13_16_28,109.2,119.378,0.375076196,0.709693736,0.269526186,0.637246596,2873,300,300,300,7148.44,222.338,-0.004838,3.34032,1500.04,1261.2444,0.840807179,0.191614357,1553451276,400.003,407.386,16.6149,16.0089,500.028,100.361,0.19999,24.8813,25.0034,999.9,0,0,9988.75,0,6.08292,1500.04,0.973007,0.0269931,0,183.618,4.99951,3374.53,13592.3,41.125,42.75,42.125,42.75,43.562,1454.68,40.36,0,150.0999999,183.8021538,-0.780034172,-9.502905998,3375.750769,15,1553451199,13:13:18,67,0.47,0.114,407,16,0.4,0.22,399.999619,-0.024623377,0.006528153,1,1.508768058,0.012735717,0-Jan,1,2,2,2/2,1.87862,1.8837,1.88164,1.87877,1.8785,1.88066,1.87962,1.87556,5,0,0,0,11111111,oooooooo,off,off,off,off,0,100,100,0.47,0.114,2,514.636,516.056,21.7682,26.6665,30.0002,26.7127,26.6902,20.6703,23.0938,23.3762,21.7537,407.415,16.022,100.277,100.297
A10,plant_2,20,1553451445,2914.4,20190324 13:17:24,13:17:24,1553451445,0.002404973,27.10125153,392.602,110.0524312,11.06689274,39.48012936,0.160333698,3.468362824,0.156327001,0.098056022,241.6528216,25.56411651,24.9926,3.178275046,52.84937668,1.668514685,3.157113271,1.509760361,-106.0593007,-20.94247417,-1.27639843,113.3746483,-0.041546163,0.046639208,3.479252188,0,0,1,0,53358.55174,MPF-2838-20190324-12_30_39,62.45,520.414,457.964,0.879999385,-0.793854925,MPF-2875-20190324-13_19_14,182.6453462,229.125,0.202857191,0.5,1261.1433,27.10125153,127.9159936,0.508565194,0.022118903,1.27131042,DARK-2876-20190324-13_19_16,112.6,116.525,0.398881389,0.71426925,0.27886398,0.636052179,2875,300,300,300,7147.71,220.962,-0.00483749,2.88309,1499.92,1261.1433,0.840807043,0.191614087,1553451445,392.602,400.011,16.5922,15.9674,500.041,100.36,0.200184,24.8806,24.9926,999.9,0,0,9983.12,0,6.13977,1499.92,0.973007,0.0269931,0,182.805,4.99951,3355.79,13591.1,41.375,43,42.375,43,43.75,1454.57,40.35,0,168,182.6453462,-0.434974372,-1.398632459,3356.646538,15,1553451464,13:17:43,68,0.511,0.114,400,16,0.25,0.12,392.5701429,-0.014025974,0.006408965,1,1.50929816,-0.000377028,0-Jan,1,2,2,2/2,1.87865,1.88372,1.88169,1.87881,1.87851,1.8807,1.87967,1.8756,5,0,0,0,11111111,oooooooo,off,off,off,off,0,100,100,0.511,0.114,2,514.664,515.778,21.7849,26.6199,30,26.6629,26.6387,20.3735,23.0938,23.3762,21.7896,400,16.0219,100.286,100.309
A10,plant_2,21,1553451531,3000.9,20190324 13:18:51,13:18:51,1553451531,0.002370418,22.63969902,293.803,55.05066441,5.535955094,29.54515139,0.157833098,3.464618307,0.153944687,0.096556809,241.6805153,25.609927,25.0271,3.184818551,52.89890471,1.673799202,3.164147181,1.511019349,-104.5354556,-20.39686764,-1.244938387,115.5032537,-0.041489396,0.046575481,3.475492793,0,0,1,0,53281.92986,MPF-2838-20190324-12_30_39,62.45,520.414,457.964,0.879999385,-0.793854925,MPF-2877-20190324-13_20_40,182.2358462,220.277,0.172696895,0.5,1261.2864,22.63969902,108.9101223,0.502444649,0.01857909,1.362543525,DARK-2878-20190324-13_20_43,109.6,110.677,0.343713272,0.730590973,0.24103071,0.655372475,2877,300,300,300,7147.32,215.164,-0.00483719,3.23813,1500.09,1261.2864,0.840807152,0.191614304,1553451531,293.803,299.968,16.6446,16.0288,500.033,100.361,0.200095,24.9179,25.0271,999.9,0,0,9969.38,0,6.13977,1500.09,0.973007,0.0269931,0,181.706,4.99951,3345.89,13592.6,41.5,43.125,42.5,43.062,43.875,1454.73,40.36,0,85.9000001,182.2358462,-2.480068383,-45.03008546,3350.256538,15,1553451553,13:19:13,69,0.496,0.115,300,16,0.25,0.21,293.8539524,-0.478597403,0.025157553,1,1.512648837,0.002021766,0-Jan,1,2,2,2/2,1.87864,1.8837,1.88165,1.87879,1.87851,1.88067,1.87962,1.87556,5,0,0,0,11111111,oooooooo,off,off,off,off,0,100,100,0.496,0.115,2,514.669,515.554,21.7032,26.5938,30,26.6363,26.6124,16.2288,22.8105,23.3762,21.6845,300,15.9732,100.292,100.312
A10,plant_2,22,1553451631,3100.9,20190324 13:20:31,13:20:31,1553451631,0.002722867,17.54958494,195.207,35.37579478,3.55730725,19.62955972,0.183288932,3.4849437,0.178096972,0.111764834,241.6751654,25.56798285,24.973,3.174562812,52.78689384,1.67423481,3.171686546,1.500328002,-120.0784559,-2.855780328,-0.173275735,118.5676535,-0.041797859,0.046921758,3.495899035,0,0,1,0,53654.5044,MPF-2838-20190324-12_30_39,62.45,520.414,457.964,0.879999385,-0.793854925,MPF-2879-20190324-13_22_20,183.8218077,216.297,0.150141668,0.5,1261.2609,17.54958494,94.68390752,0.497912592,0.014543731,1.406015802,DARK-2880-20190324-13_22_23,108.6,107.697,0.301542219,0.73848145,0.211087589,0.664063114,2879,300,300,300,7147.09,210.184,-0.004837,2.20448,1500.06,1261.2609,0.840806968,0.191613936,1553451631,195.207,199.984,16.6495,15.9421,500.003,100.358,0.199663,24.9578,24.973,999.9,0,0,10043.8,0,6.13977,1500.06,0.973011,0.026989,0,183.857,4.99951,3376.1,13592.4,41.625,43.187,42.625,43.125,44,1454.71,40.35,0,99.30000019,183.8218077,-1.509025641,-31.38393163,3379.802308,15,1553451651,13:20:51,70,0.203,0.113,200,16,0.65,0.18,195.563,-0.492779221,0.025768197,1,1.50236298,-0.015759316,0-Jan,1,2,2,2/2,1.87864,1.88371,1.88162,1.87875,1.8785,1.88069,1.87962,1.8756,5,0,0,0,11111111,oooooooo,off,off,off,off,0,100,100,0.203,0.113,2,514.595,515.158,21.9339,26.5702,30,26.6122,26.589,11.9137,23.1629,23.3762,21.9487,200,15.926,100.296,100.315
A10,plant_2,23,1553451721,3190.9,20190324 13:22:01,13:22:01,1553451721,0.003013623,9.116624957,97.5031,21.95360888,2.207589488,9.804621177,0.202336697,3.468796855,0.196001165,0.123053426,241.6352657,25.60710105,25.0158,3.182674021,52.45833779,1.673892266,3.19089841,1.508781755,-132.9007578,8.097523302,0.493966011,117.3259973,-0.041552745,0.046646596,3.479687944,0,0,1,0,53334.63803,MPF-2838-20190324-12_30_39,62.45,520.414,457.964,0.879999385,-0.793854925,MPF-2881-20190324-13_23_50,192.5769615,217.776,0.115710815,0.5,1261.0509,9.116624957,72.95861376,0.515098082,0.007858906,1.38967563,DARK-2882-20190324-13_23_53,105.6,112.176,0.224638412,0.729575183,0.162233229,0.660833603,2881,300,300,300,7147.02,211.122,-0.00483686,2.76157,1499.81,1261.0509,0.840807102,0.191614205,1553451721,97.5031,99.9892,16.6462,15.8633,500.029,100.357,0.20002,25.0591,25.0158,999.9,0,0,9985,0,6.13977,1499.81,0.973007,0.0269931,0,192.765,4.99951,3535.69,13590.1,41.687,43.312,42.687,43.187,44.062,1454.46,40.35,0,89.60000014,192.5769615,0.796136758,31.1565812,3533.092692,15,1553451740,13:22:19,71,-0.017,0.111,100,16,0.37,0.1,97.75531429,-0.49425974,0.027311088,1,1.508436675,-0.001684044,0-Jan,1,2,2,2/2,1.87866,1.88374,1.8817,1.87879,1.87852,1.88071,1.87969,1.8756,5,0,0,0,11111111,oooooooo,off,off,off,off,0,100,100,-0.017,0.111,2,514.521,514.673,22.0735,26.5518,29.9999,26.5937,26.5693,7.45666,23.5735,23.3762,22.0659,100,15.8195,100.298,100.318
A10,plant_2,24,1553451801,3270.5,20190324 13:23:20,13:23:20,1553451801,0.003154503,4.524052747,48.759,12.69109905,1.276170154,4.903025363,0.210911521,3.465338543,0.204030822,0.128118767,241.6671855,25.62582174,25.0506,3.189282459,52.25038052,1.672171073,3.200304106,1.517111386,-139.1135913,10.81707089,0.660802633,114.0314677,-0.041500312,0.046587736,3.47621589,0,0,1,0,53261.20449,MPF-2838-20190324-12_30_39,62.45,520.414,457.964,0.879999385,-0.793854925,MPF-2883-20190324-13_25_10,203.6659615,217.957,0.065568155,0.5,1261.2189,4.524052747,41.34789847,0.548534803,0.004216483,1.38769115,DARK-2884-20190324-13_25_12,98.4,119.557,0.119533264,0.716698972,0.091899647,0.660438375,2883,300,300,300,7146.84,217.662,-0.00483677,1.46545,1500.01,1261.2189,0.840806995,0.19161399,1553451801,48.759,49.9948,16.6292,15.8097,500.037,100.356,0.200315,25.1085,25.0506,999.9,0,0,9972.5,0,6.13977,1500.01,0.973011,0.026989,0,203.802,4.99951,3729.84,13592,41.75,43.375,42.75,43.25,44.125,1454.66,40.35,0,78.9000001,203.6659615,0.931589731,9.877606841,3729.267692,15,1553451821,13:23:40,72,-0.033,0.108,50,16,0.31,0.17,48.82197143,-0.448877922,0.023087064,1,1.515812659,0.006261981,0-Jan,1,2,2,2/2,1.87865,1.88372,1.88166,1.8788,1.87851,1.88071,1.87964,1.87552,5,0,0,0,11111111,oooooooo,off,off,off,off,0,100,100,-0.033,0.108,2,514.412,514.328,21.9997,26.5384,30.0003,26.5805,26.5582,5.23117,23.8356,23.3762,21.9616,50,15.7946,100.302,100.319
A10,plant_2,25,1553451882,3351.5,20190324 13:24:41,13:24:41,1553451882,0.003301775,1.360472882,19.5664,9.122507791,0.917340892,1.967557523,0.222234567,3.470196159,0.21461989,0.134799844,241.6752553,25.57256694,25.018,3.183091441,52.35191892,1.673435508,3.196512262,1.509655933,-145.6082633,13.2082162,0.805532676,110.0807409,-0.041573967,0.04667042,3.481092811,0,0,1,0,53355.5125,MPF-2838-20190324-12_30_39,62.45,520.414,457.964,0.879999385,-0.793854925,MPF-2885-20190324-13_26_31,202.6137692,217.62,0.06895612,0.5,1261.2534,1.360472882,43.48557023,0.47063689,0.001708085,1.391388659,DARK-2886-20190324-13_26_33,115.2,102.42,0.146516606,0.747244666,0.096708325,0.661174241,2885,300,300,300,7146.76,213.246,-0.00483666,1.1627,1500.05,1261.2534,0.840807573,0.191615147,1553451882,19.5664,19.9429,16.6415,15.7837,500.007,100.358,0.199973,25.0886,25.018,999.9,0,0,9990,0,6.13977,1500.05,0.972991,0.0270094,0,202.129,4.99951,3700.68,13592.2,41.812,43.437,42.812,43.312,44.187,1454.67,40.38,0,80.5999999,202.6137692,-5.371555562,-86.59350434,3710.173846,15,1553451905,13:25:04,73,0.077,0.106,20,16,0.25,0.12,19.4744619,-0.292597403,0.015222617,1,1.509785543,-0.008487211,0-Jan,1,2,2,2/2,1.87866,1.88372,1.8817,1.87881,1.87851,1.88072,1.8797,1.87559,5,0,0,0,11111111,oooooooo,off,off,off,off,0,100,100,0.077,0.106,2,514.44,514.298,21.8918,26.5384,30.0001,26.5781,26.5515,3.91976,23.8616,23.3762,21.8844,20,15.7576,100.303,100.317
A10,plant_2,26,1553451966,3435.5,20190324 13:26:05,13:26:05,1553451966,0.003432608,0.695631319,9.79461,4.664530556,0.469051381,0.98491698,0.231815233,3.472569255,0.223548441,0.140435953,241.6671855,25.55586314,24.9819,3.176248,52.18578477,1.669387627,3.198931729,1.506860372,-151.3780014,22.35325055,1.362171075,114.0046057,-0.041609966,0.046710832,3.483475342,0,0,1,0,53397.53366,MPF-2838-20190324-12_30_39,62.45,520.414,457.964,0.879999385,-0.793854925,MPF-2887-20190324-13_27_55,199.8821923,209.997,0.048166439,0.5,1261.2189,0.695631319,30.37421162,0.449515945,0.001180989,1.478197308,DARK-2888-20190324-13_27_57,115.6,94.397,0.107151792,0.766813895,0.068553123,0.677819654,2887,300,300,300,7146.72,209.622,-0.00483657,2.42216,1500.01,1261.2189,0.840806995,0.19161399,1553451966,9.79461,9.98727,16.6014,15.7096,500.022,100.357,0.200039,25.1013,24.9819,999.9,0,0,9998.75,0,6.13977,1500.01,0.973011,0.026989,0,199.592,4.99951,3660.86,13592,41.875,43.437,42.875,43.375,44.187,1454.66,40.35,0,83.5,199.8821923,-0.666427344,-18.83008548,3663.116923,15,1553451985,13:26:25,74,0.112,0.101,10,16,0.23,0.09,9.757541905,-0.13418026,0.007998303,1,1.506538614,-0.003334628,0-Jan,1,2,2,2/2,1.87864,1.88372,1.88164,1.87881,1.87851,1.88067,1.87967,1.87557,5,0,0,0,11111111,oooooooo,off,off,off,off,0,100,100,0.112,0.101,2,514.497,513.943,22.0732,26.5361,29.9998,26.5713,26.5448,3.48987,23.7486,23.0056,22.0898,10,15.7433,100.306,100.32
A10,plant_2,32,1553452486,3956,20190324 13:34:46,13:34:46,1553452486,0.002443732,25.50955986,392.973,129.7436766,13.04573939,39.51347366,0.162475808,3.466377202,0.158360521,0.099336386,241.6561035,25.62365456,25.0149,3.182503272,52.62917929,1.668297061,3.169908943,1.514206211,-107.7685902,-12.42747529,-0.758205384,120.7018327,-0.041516057,0.046605411,3.477258675,0,0,1,0,53309.09931,MPF-2838-20190324-12_30_39,62.45,520.414,457.964,0.879999385,-0.793854925,MPF-2899-20190324-13_36_35,179.4211923,219.261,0.181700383,0.5,1261.1526,25.50955986,114.5759553,0.455443513,0.020856647,1.373490954,DARK-2900-20190324-13_36_38,119.4,99.861,0.398952621,0.750978769,0.254062583,0.65759099,2899,300,300,300,7146.18,213.378,-0.00483636,2.79758,1499.93,1261.1526,0.840807638,0.191615276,1553452486,392.973,399.965,16.5917,15.9569,500.096,100.35,0.200098,24.9484,25.0149,999.9,0,0,9976.88,0,6.13977,1499.93,0.972991,0.0270094,0,179.235,4.99951,3309.04,13591.1,42,43.625,43,43.5,44.375,1454.55,40.38,0,79.4000001,179.4211923,-1.55367521,-24.82461537,3311.747692,15,1553452506,13:35:06,80,0.52,0.111,400,16,0.4,0.23,392.9721429,-0.398181818,0.020849314,1,1.513543605,0.015087255,0.002018384,1,2,2,2/2,1.87865,1.88373,1.88171,1.8788,1.87851,1.88068,1.87964,1.87558,5,0,0,0,11111111,oooooooo,off,off,off,off,0,100,100,0.52,0.111,2,514.628,515.394,21.708,26.4623,30.0001,26.4999,26.4735,20.3852,21.5944,22.967,21.6933,400,15.9739,100.329,100.331
A10,plant_2,33,1553452567,4037,20190324 13:36:07,13:36:07,1553452567,0.002270323,25.72653984,392.967,106.9578347,10.75430513,39.51171072,0.150117066,3.469895717,0.146600201,0.09193424,241.6912152,25.66021887,25.0529,3.189719646,52.69483571,1.670228878,3.169625363,1.519490768,-100.1212347,-19.8293159,-1.208790074,120.5318745,-0.04156941,0.046665304,3.480791174,0,0,1,0,53375.0368,MPF-2838-20190324-12_30_39,62.45,520.414,457.964,0.879999385,-0.793854925,MPF-2901-20190324-13_37_56,179.4982308,216.776,0.171964467,0.5,1261.3374,25.72653984,108.4526067,0.453814075,0.021025615,1.400699339,DARK-2902-20190324-13_37_59,118.4,98.376,0.378931541,0.755292104,0.241552099,0.66301718,2901,300,300,300,7146.11,212.674,-0.00483623,2.74327,1500.15,1261.3374,0.84080752,0.191615039,1553452567,392.967,399.999,16.6114,16.0216,500.047,100.347,0.200147,24.9469,25.0529,999.9,0,0,9990,0,6.13977,1500.15,0.972995,0.0270052,0,179.646,4.99951,3308.51,13593.2,42,43.625,43.062,43.5,44.375,1454.77,40.38,0,80.70000005,179.4982308,-1.239521362,-36.81538461,3312.181154,15,1553452596,13:36:35,81,0.493,0.113,400,16,0.6,0.29,393.0029048,-0.275220779,0.015162312,1,1.517897668,0.005043236,0.00116702,1,2,2,2/2,1.87864,1.8837,1.88167,1.8788,1.8785,1.88069,1.87967,1.87556,5,0,0,0,11111111,oooooooo,off,off,off,off,0,100,100,0.493,0.113,2,514.508,515.451,21.5859,26.4411,30.0001,26.482,26.4557,20.382,21.3102,23.0362,21.5534,400,16.004,100.332,100.336
A10,plant_2,34,1553452657,4126.5,20190324 13:37:36,13:37:36,1553452657,0.002187355,25.54499815,392.991,99.70861636,10.02539417,39.51403424,0.145131569,3.464406664,0.141836578,0.088937672,241.6880232,25.61225993,25.0119,3.181934166,52.86020332,1.668736996,3.156887206,1.51319717,-96.46234309,-24.7474347,-1.510162557,118.9680829,-0.041486188,0.04657188,3.475280309,0,0,1,0,53284.56336,MPF-2838-20190324-12_30_39,62.45,520.414,457.964,0.879999385,-0.793854925,MPF-2903-20190324-13_39_26,179.4892692,218.044,0.176820875,0.5,1261.3206,25.54499815,111.5139058,0.469831777,0.020881965,1.386738456,DARK-2904-20190324-13_39_28,115.6,102.444,0.37634933,0.74693563,0.247790601,0.660248404,2903,300,300,300,7146.01,213.084,-0.00483623,2.69922,1500.13,1261.3206,0.84080753,0.191615061,1553452657,392.991,399.967,16.5966,16.0283,500.007,100.347,0.199919,24.8794,25.0119,999.9,0,0,9970,0,6.13977,1500.13,0.972991,0.0270094,0,179.534,4.99951,3308.53,13593,42,43.625,43.062,43.562,44.375,1454.75,40.38,0,89.0999999,179.4892692,-1.127008563,-21.61606839,3310.572692,15,1553452677,13:37:56,82,0.56,0.114,400,16,0.44,0.22,392.9531429,-0.349714286,0.020375723,1,1.51295574,-0.005464675,0-Jan,1,2,2,2/2,1.87866,1.88373,1.8817,1.87881,1.87851,1.88071,1.87963,1.8756,5,0,0,0,11111111,oooooooo,off,off,off,off,0,100,100,0.56,0.114,2,514.45,515.403,21.4082,26.4221,30,26.4597,26.4346,20.3873,20.9565,23.0738,21.4074,400,16.0393,100.338,100.339
A10,plant_2,35,1553452745,4215,20190324 13:39:05,13:39:05,1553452745,0.002190402,27.21690334,492.497,180.4674777,18.14476598,49.51719236,0.146210779,3.467212642,0.14286985,0.089587467,241.6481084,25.59962679,24.9841,3.176664683,53.01051784,1.672364127,3.154777949,1.504300556,-96.59671573,-21.66453424,-1.320705471,122.066153,-0.041528723,0.04661963,3.478097435,0,0,1,0,53338.91391,MPF-2838-20190324-12_30_39,62.45,520.414,457.964,0.879999385,-0.793854925,MPF-2905-20190324-13_40_54,180.8355769,223.222,0.189884613,0.5,1261.110592,27.21690334,119.7327484,0.493777495,0.022211183,1.331374148,DARK-2906-20190324-13_40_57,113,110.222,0.384555017,0.729459469,0.263643066,0.648941838,2905,300,300,300,7145.94,216.67,-0.00483611,2.38914,1499.88,1261.110592,0.840807659,0.191615319,1553452745,492.497,499.973,16.6333,16.0642,499.981,100.343,0.200135,24.8682,24.9841,999.9,0,0,9980.62,0,6.13977,1499.88,0.972991,0.0270094,0,180.595,4.99951,3333.61,13590.7,42.062,43.625,43.062,43.562,44.375,1454.51,40.38,0,88.4000001,180.8355769,-1.319282048,-20.62461537,3336.520385,15,1553452768,13:39:27,83,0.576,0.115,500,16,0.53,0.21,492.4637619,0.48638961,0.028590549,1,1.506453516,-0.004633467,0-Jan,1,2,2,2/2,1.87864,1.8837,1.88167,1.87877,1.87851,1.88068,1.87965,1.87555,5,0,0,0,11111111,oooooooo,off,off,off,off,0,100,100,0.576,0.115,2,514.356,515.763,21.6231,26.4065,29.9998,26.4464,26.4202,24.3916,20.8176,23.2463,21.6353,500,16.0317,100.339,100.34
A10,plant_2,36,1553452832,4302,20190324 13:40:32,13:40:32,1553452832,0.002002339,28.24486795,592.194,232.9984845,23.42542228,59.53856118,0.131825691,3.477574286,0.12911116,0.080933709,241.6816241,25.6710299,25.0547,3.190061828,52.78885014,1.668514203,3.160732234,1.521547626,-88.30314216,-29.04111436,-1.766027336,122.5713403,-0.041685926,0.046796104,3.488500283,0,0,1,0,53526.79118,MPF-2838-20190324-12_30_39,62.45,520.414,457.964,0.879999385,-0.793854925,MPF-2907-20190324-13_42_21,180.9054231,227.113,0.203456328,0.5,1261.286992,28.24486795,128.3084097,0.448732569,0.023023089,1.291432018,DARK-2908-20190324-13_42_24,125.2,101.913,0.453402185,0.742132111,0.280619064,0.640445537,2907,300,300,300,7145.89,218.796,-0.00483613,2.03557,1500.09,1261.286992,0.840807546,0.191615093,1553452832,592.194,599.969,16.5957,16.0755,500.037,100.339,0.199947,24.8998,25.0547,999.9,0,0,10018.8,0,6.13977,1500.09,0.972995,0.0270052,0,180.51,4.99951,3335.52,13592.7,42.062,43.687,43.125,43.562,44.437,1454.72,40.38,0,86.70000005,180.9054231,-1.506153861,-25.43350427,3338.351154,15,1553452851,13:40:51,84,0.58,0.118,600,16,0.32,0.18,592.1617143,0.324467532,0.021935279,1,1.523882229,0.002861589,0-Jan,1,2,2,2/2,1.87866,1.88375,1.88171,1.8788,1.87851,1.88068,1.87972,1.87558,5,0,0,0,11111111,oooooooo,off,off,off,off,0,100,100,0.58,0.118,2,514.653,515.818,21.3932,26.3998,30.0002,26.4375,26.4113,28.2661,20.5678,23.306,21.3618,600,16.059,100.339,100.34
A10,plant_2,37,1553452919,4389,20190324 13:41:59,13:41:59,1553452919,0.001380944,28.91247968,692.194,163.2731223,16.4152962,69.59240673,0.090350983,3.473791262,0.08906549,0.055779904,241.6816241,25.66703058,25.0249,3.184400933,53.06942728,1.663144248,3.133902764,1.521256685,-60.89963443,-50.17205335,-3.05169679,127.5582396,-0.041628507,0.046731646,3.484702209,0,0,1,0,53481.73218,MPF-2838-20190324-12_30_39,62.45,520.414,457.964,0.879999385,-0.793854925,MPF-2909-20190324-13_43_48,180.8113846,223.019,0.189255693,0.5,1261.286992,28.91247968,119.3528719,0.502284559,0.023552399,1.333496249,DARK-2910-20190324-13_43_51,111,112.019,0.376789789,0.726391867,0.26286279,0.649385105,2909,300,300,300,7145.77,217.994,-0.00483606,3.45558,1500.09,1261.286992,0.840807546,0.191615093,1553452919,692.194,700.085,16.5423,16.1835,500.014,100.339,0.199876,24.757,25.0249,999.9,0,0,10005,0,6.13977,1500.09,0.972995,0.0270052,0,180.336,4.99951,3332.77,13592.6,42.125,43.687,43.125,43.625,44.437,1454.72,40.38,0,86.5999999,180.8113846,-2.541128204,-31.89299149,3335.912692,15,1553452946,13:42:26,85,0.585,0.123,700,16,0.36,0.27,692.16,0.30374026,0.02057738,1,1.527268153,-0.007191193,0-Jan,1,2,2,2/2,1.87863,1.88373,1.88169,1.8788,1.87851,1.88069,1.87968,1.87551,5,0,0,0,11111111,oooooooo,off,off,off,off,0,100,100,0.585,0.123,2,514.392,516.034,20.8909,26.4065,30.0001,26.4375,26.4113,32.0474,20.0924,24.2147,20.8838,700,16.2295,100.339,100.338
A10,plant_2,38,1553453007,4477,20190324 13:43:27,13:43:27,1553453007,0.001352141,28.74860033,792.056,256.5653514,25.79386482,79.62955748,0.089091094,3.468196152,0.087838948,0.055010377,241.6832201,25.58907182,24.9838,3.17660786,53.44344315,1.666301593,3.117878443,1.510306267,-59.62942375,-58.44913241,-3.55860785,120.0460561,-0.041543636,0.046636371,3.479084854,0,0,1,0,53392.43212,MPF-2838-20190324-12_30_39,62.45,520.414,457.964,0.879999385,-0.793854925,MPF-2911-20190324-13_45_16,180.7526538,224.541,0.195012698,0.5,1261.295392,28.74860033,122.9843085,0.523472328,0.023422313,1.317679177,DARK-2912-20190324-13_45_19,107,117.541,0.372536784,0.715682101,0.270146684,0.646061699,2911,300,300,300,7145.79,218.098,-0.00483603,3.21121,1500.1,1261.295392,0.840807541,0.191615082,1553453007,792.056,799.934,16.5743,16.223,500.021,100.335,0.200262,24.6712,24.9838,999.9,0,0,9985,0,6.10281,1500.1,0.972995,0.0270052,0,180.78,4.99951,3333.94,13592.7,42.125,43.75,43.125,43.625,44.437,1454.73,40.38,0,87.70000005,180.7526538,-1.39894017,-24.81880341,3336.035769,15,1553453027,13:43:47,86,0.794,0.124,800,16,0.36,0.29,791.815,0.455064935,0.047153246,1,1.512164713,0.003384269,0-Jan,1,2,2,2/2,1.87865,1.88373,1.88171,1.8788,1.87851,1.88074,1.87973,1.87561,5,0,0,0,11111111,oooooooo,off,off,off,off,0,100,100,0.794,0.124,2,514.299,516.367,21.1608,26.4199,30,26.4442,26.4157,35.7313,20.3824,24.586,21.156,800,16.2283,100.341,100.336
A10,plant_2,39,1553453099,4569,20190324 13:44:59,13:44:59,1553453099,0.001150069,28.7254123,892.092,261.2896532,26.26876626,89.68650669,0.075312007,3.469397859,0.074415434,0.04658931,241.6816241,25.6380761,25.0154,3.182598132,53.43024117,1.666328107,3.118698457,1.516270024,-50.71802339,-63.55693187,-3.868951592,123.5377173,-0.041561859,0.046656828,3.480291337,0,0,1,0,53414.11335,MPF-2838-20190324-12_30_39,62.45,520.414,457.964,0.879999385,-0.793854925,MPF-2913-20190324-13_46_48,180.7713846,228.077,0.207410723,0.5,1261.286992,28.7254123,130.8022233,0.507183977,0.023404084,1.281746954,DARK-2914-20190324-13_46_51,112.4,115.677,0.408945732,0.71648767,0.285615361,0.638340568,2913,300,300,300,7145.83,218.528,-0.00483604,2.23775,1500.09,1261.286992,0.840807546,0.191615093,1553453099,892.092,899.952,16.5746,16.2758,500.02,100.335,0.200042,24.6756,25.0154,999.9,0,0,9989.38,0,6.13977,1500.09,0.972995,0.0270052,0,180.278,4.99951,3331.73,13592.7,42.125,43.75,43.125,43.625,44.437,1454.72,40.38,0,91.39999986,180.7713846,-1.031042737,-25.16717951,3334.514615,15,1553453117,13:45:16,87,0.932,0.126,900,16,0.42,0.11,891.9594286,0.337090909,0.02965929,1,1.520393285,-0.002519648,0-Jan,1,2,2,2/2,1.87866,1.88382,1.88171,1.87881,1.87852,1.88074,1.87973,1.87561,5,0,0,0,11111111,oooooooo,off,off,off,off,0,100,100,0.932,0.126,2,514.286,516.66,21.1182,26.4221,30.0002,26.4464,26.4179,39.3415,20.6122,25.4633,21.107,900,16.2742,100.342,100.335
A10,plant_2,40,1553453178,4647.5,20190324 13:46:17,13:46:17,1553453178,0.001054604,28.88168503,992.05,300.0501751,30.1652062,99.73462871,0.068998741,3.476067053,0.068246801,0.042721127,241.6794813,25.63891515,25.0329,3.185919774,53.60458347,1.669907844,3.115233317,1.51601193,-46.50804909,-70.44430916,-4.279961602,120.4471615,-0.041663046,0.046770419,3.486987053,0,0,1,0,53542.15299,MPF-2838-20190324-12_30_39,62.45,520.414,457.964,0.879999385,-0.793854925,MPF-2915-20190324-13_48_07,180.8912692,223.325,0.190008869,0.5,1261.2783,28.88168503,119.827032,0.456397627,0.023528146,1.330298892,DARK-2916-20190324-13_48_09,121.4,101.925,0.416323088,0.744557835,0.263768334,0.64871693,2915,300,300,300,7145.81,218.966,-0.00483602,3.62569,1500.08,1261.2783,0.840807357,0.191614714,1553453178,992.05,999.957,16.6104,16.3364,499.997,100.334,0.199873,24.657,25.0329,999.9,0,0,10013.8,0,6.13977,1500.08,0.972995,0.0270052,0,180.096,4.99951,3333.78,13592.5,42.125,43.75,43.125,43.625,44.437,1454.71,40.37,0,78.0999999,180.8912692,-4.912102565,-38.84239318,3338.06,15,1553453196,13:46:36,88,0.916,0.128,1000,16,0.49,0.17,992.040381,-0.105818182,0.039082911,1,1.516376879,0.004139108,0-Jan,1,2,2,2/2,1.87866,1.88377,1.88171,1.87881,1.87851,1.88074,1.87971,1.87561,5,0,0,0,11111111,oooooooo,off,off,off,off,0,100,100,0.916,0.128,2,514.269,516.841,21.102,26.4221,30.0002,26.4464,26.4179,42.8849,20.376,25.8853,21.0968,1000,16.3017,100.341,100.337
A10,plant_2,41,1553453272,4742,20190324 13:47:52,13:47:52,1553453272,0.000904636,28.948902,1191.918,387.4314835,38.94929367,119.8259981,0.059476559,3.46880015,0.058915774,0.036872302,241.6465124,25.60946518,24.9822,3.176304817,53.8107374,1.669868042,3.103224602,1.506436776,-39.89442906,-72.89647994,-4.435649161,124.4199543,-0.041552795,0.046646652,3.479691252,0,0,1,0,53417.80229,MPF-2838-20190324-12_30_39,62.45,520.414,457.964,0.879999385,-0.793854925,MPF-2917-20190324-13_49_41,180.6773846,227.683,0.206452021,0.5,1261.102192,28.948902,130.1785478,0.515115314,0.023584732,1.285695463,DARK-2918-20190324-13_49_44,110.4,117.283,0.400787969,0.71395367,0.284480796,0.639200898,2917,300,300,300,7145.79,218.922,-0.00483598,2.93929,1499.87,1261.102192,0.840807665,0.19161533,1553453272,1191.918,1199.85,16.6103,16.3753,500.074,100.332,0.200082,24.5924,24.9822,999.9,0,0,9987.5,0,6.13977,1499.87,0.972991,0.0270094,0,180.446,4.99951,3331.21,13590.6,42.125,43.75,43.187,43.625,44.437,1454.5,40.38,0,94.20000005,180.6773846,-1.375521372,-22.31897435,3334.016538,15,1553453298,13:48:18,89,0.834,0.13,1200,16,0.39,0.26,1192.011905,0.445714286,0.031414138,1,1.510124401,-0.010783765,0-Jan,1,2,2,2/2,1.87862,1.88371,1.88171,1.8788,1.87851,1.88071,1.87966,1.87557,5,0,0,0,11111111,oooooooo,off,off,off,off,0,100,100,0.834,0.13,2,514.369,517.74,21.0328,26.4176,30,26.4442,26.4157,49.7655,20.6559,26.7186,21.155,1200,16.3268,100.34,100.339
A10,plant_2,42,1553453375,4845,20190324 13:49:35,13:49:35,1553453375,0.000852553,29.43355116,1491.768,614.1654918,61.74140649,149.9658573,0.055720435,3.470945612,0.055228228,0.034561503,241.6449164,25.62453393,25.0088,3.181346184,53.70226599,1.666910582,3.103985561,1.514435602,-37.59760641,-77.15189306,-4.692409097,122.2030079,-0.041585334,0.046683181,3.481845244,0,0,1,0,53457.12992,MPF-2838-20190324-12_30_39,62.45,520.414,457.964,0.879999385,-0.793854925,MPF-2919-20190324-13_51_24,180.4862692,227.378,0.206228091,0.5,1261.093792,29.43355116,130.0364824,0.492475086,0.023969197,1.288761446,DARK-2920-20190324-13_51_27,115.4,111.978,0.418758424,0.723520668,0.284316373,0.639866889,2919,300,300,300,7145.82,219.212,-0.00483613,2.73694,1499.86,1261.093792,0.84080767,0.191615341,1553453375,1491.768,1499.88,16.5814,16.3599,500.022,100.329,0.199941,24.5965,25.0088,999.9,0,0,9995.62,0,6.13977,1499.86,0.972991,0.0270094,0,180.622,4.99951,3326.7,13590.6,42.125,43.75,43.125,43.625,44.437,1454.49,40.38,0,102.7,180.4862692,-1.422393146,-22.56444446,3329.513462,15,1553453410,13:50:10,90,1.132,0.129,1500,16,0.68,0.23,1491.576667,0.498701299,0.04601587,1,1.512795718,0.005604702,0-Jan,1,2,2,2/2,1.87865,1.88372,1.88171,1.8788,1.87851,1.88071,1.8797,1.87556,5,0,0,0,11111111,oooooooo,off,off,off,off,0,100,100,1.132,0.129,2,514.266,518.465,21.2244,26.4042,30.0001,26.4353,26.4069,59.6247,21.2465,27.5168,21.2038,1500,16.3443,100.345,100.341
A10,plant_3,20,1553458670,2907.5,20190324 15:17:50,15:17:50,1553458670,0.002180747,24.95442495,392.49,109.0176185,10.95266414,39.43226065,0.146835926,3.461956501,0.143461732,0.089960282,241.6805153,25.43845721,24.9925,3.178256097,54.0364216,1.688055203,3.123921149,1.490200894,-96.17092829,-53.92058458,-3.289490061,88.29951241,-0.041575269,0.046671882,3.481179038,0,0,1,0,53424.14466,MPF-2926-20190324-14_31_12,71.81730769,572.8766923,501.0593846,0.874637407,-1.026024877,MPF-2963-20190324-15_19_39,201.7770769,249.088,0.189936581,0.5,1261.2864,24.95442495,119.7822132,0.470869733,0.020598375,1.299896793,DARK-2964-20190324-15_19_42,131.8,117.288,0.403373943,0.73408706,0.266885194,0.646208219,2963,300,300,300,7148.65,240.586,-0.00483811,2.73991,1500.09,1261.2864,0.840807152,0.191614304,1553458670,392.49,399.939,16.8021,16.1833,499.991,100.267,0.199918,24.7036,24.9925,999.9,0,0,9999.38,0,6.13977,1500.09,0.973007,0.0269931,0,201.954,4.99951,3681.61,13592.7,41.125,42.75,42.125,42.75,43.562,1454.73,40.36,0,148.0999999,201.7770769,-0.435145293,-11.17059826,3682.942308,15,1553458692,15:18:12,115,0.532,0.12,400,16,0.34,0.26,392.5171429,-0.405818182,0.022600644,1,1.491054763,-0.007703865,0-Jan,1,2,2,2/2,1.87864,1.88372,1.88166,1.87877,1.87851,1.88066,1.87967,1.87557,5,0,0,0,11111111,oooooooo,off,off,off,off,0,100,100,0.532,0.12,2,514.748,519.275,21.6077,26.4754,30.0003,26.5177,26.4946,20.4394,20.869,40.5943,21.6003,400,16.1774,100.38,100.333
A10,plant_3,21,1553458764,3001.5,20190324 15:19:24,15:19:24,1553458764,0.002226551,21.63827904,293.57,50.93885709,5.117579154,29.49354968,0.148176434,3.456773417,0.144736106,0.090762513,241.6693283,25.48020193,25.0385,3.186983339,53.57995519,1.678903011,3.133453555,1.508080329,-98.19089884,-52.90804929,-3.234138118,87.33624206,-0.041496442,0.046583391,3.475959508,0,0,1,0,53317.78593,MPF-2926-20190324-14_31_12,71.81730769,572.8766923,501.0593846,0.874637407,-1.026024877,MPF-2965-20190324-15_21_13,200.7098462,241.813,0.169979091,0.5,1261.227592,21.63827904,107.1911596,0.469838263,0.017970035,1.369089719,DARK-2966-20190324-15_21_16,128.2,113.613,0.361782136,0.744504261,0.241789385,0.660727456,2965,300,300,300,7148.21,233.642,-0.00483779,2.75304,1500.02,1261.227592,0.840807184,0.191614368,1553458764,293.57,300.003,16.7113,16.0795,500.035,100.265,0.200135,24.7546,25.0385,999.9,0,0,9980.62,0,6.13977,1500.02,0.973007,0.0269931,0,200.615,4.99951,3658.78,13592.1,41.25,42.875,42.25,42.875,43.625,1454.67,40.36,0,93.69999981,200.7098462,-3.256957265,-62.83623933,3666.442308,15,1553458786,15:19:46,116,0.443,0.113,300,16,0.2,0.23,293.6985238,-0.434337662,0.025958977,1,1.511998683,-0.021552688,0-Jan,1,2,2,2/2,1.87862,1.88373,1.88168,1.87877,1.87849,1.88066,1.87963,1.87556,5,0,0,0,11111111,oooooooo,off,off,off,off,0,100,100,0.443,0.113,2,514.749,518.827,21.4,26.4558,30.0001,26.4997,26.4735,16.2788,21.55,41.0506,21.36,300,16.143,100.385,100.334
A10,plant_3,22,1553458860,3097.5,20190324 15:21:00,15:21:00,1553458860,0.00250171,16.30380971,195.174,33.98962746,3.414763742,19.6081319,0.168488945,3.464120776,0.164065078,0.102928466,241.6623975,25.41557286,24.9688,3.173767827,53.58429523,1.678848467,3.133097971,1.49491936,-110.3254077,-40.35833449,-2.460884956,88.51777032,-0.041608201,0.04670885,3.483358539,0,0,1,0,53455.86739,MPF-2926-20190324-14_31_12,71.81730769,572.8766923,501.0593846,0.874637407,-1.026024877,MPF-2967-20190324-15_22_49,201.4744615,236.844,0.149336857,0.5,1261.1937,16.30380971,94.17135138,0.495026262,0.013740819,1.418793351,DARK-2968-20190324-15_22_52,119.6,117.244,0.301674614,0.741341212,0.214326167,0.670644444,2967,300,300,300,7147.95,228.658,-0.00483759,2.01695,1499.98,1261.1937,0.840807011,0.191614022,1553458860,195.174,200.02,16.7108,16.0009,500.02,100.265,0.199877,24.7527,24.9688,999.9,0,0,10007.5,0,6.19662,1499.98,0.973007,0.0269931,0,201.24,4.99951,3674.83,13591.7,41.375,43,42.375,42.937,43.75,1454.63,40.35,0,95.5,201.4744615,-3.182632478,-46.05606837,3680.244615,15,1553458878,15:21:18,117,0.208,0.11,200,16,0.21,0.15,195.4544762,-0.454909091,0.025704584,1,1.498578378,-0.018415913,0-Jan,1,2,2,2/2,1.87863,1.8837,1.88164,1.87878,1.87849,1.88065,1.8796,1.8755,5,0,0,0,11111111,oooooooo,off,off,off,off,0,100,100,0.208,0.11,2,514.828,518.644,21.6143,26.4377,30.0001,26.4791,26.4535,11.9593,22.2313,41.2068,21.6238,200,16.0551,100.39,100.345
A10,plant_3,23,1553458951,3188.5,20190324 15:22:31,15:22:31,1553458951,0.002844749,8.871845378,97.3808,19.47564147,1.956621314,9.783367038,0.190465553,3.464967682,0.184834484,0.116013614,241.6592055,25.42503951,24.9944,3.178616156,53.01898912,1.669688962,3.149228209,1.508927194,-125.4534453,-29.08527968,-1.774063593,85.34641701,-0.04162109,0.046723319,3.484211405,0,0,1,0,53456.30597,MPF-2926-20190324-14_31_12,71.81730769,572.8766923,501.0593846,0.874637407,-1.026024877,MPF-2969-20190324-15_24_20,209.5643077,230.146,0.089428851,0.5,1261.1769,8.871845378,56.39280046,0.430796103,0.007848122,1.489188134,DARK-2970-20190324-15_24_23,131,99.146,0.207589739,0.775625187,0.129993446,0.684012121,2969,300,300,300,7147.76,228.868,-0.00483746,3.11504,1499.96,1261.1769,0.840807022,0.191614044,1553458951,97.3808,100.021,16.6196,15.8123,500.031,100.265,0.200051,24.8387,24.9944,999.9,0,0,10010.6,0,6.14971,1499.96,0.973007,0.0269931,0,209.792,4.99951,3825.95,13591.5,41.437,43.062,42.5,43,43.812,1454.61,40.35,0,90.5999999,209.5643077,1.248136746,24.36307689,3823.444615,15,1553458970,15:22:50,118,0.003,0.103,100,16,0.32,0.12,97.62592381,-0.467049351,0.024037627,1,1.511926703,-0.021281397,0.002276851,1,2,2,2/2,1.87864,1.88371,1.88167,1.8788,1.87851,1.88067,1.87962,1.87553,5,0,0,0,11111111,oooooooo,off,off,off,off,0,100,100,0.003,0.103,2,514.941,518.211,21.8088,26.4288,29.9999,26.469,26.4446,7.48656,22.9992,41.2068,21.8629,100,15.8528,100.392,100.342
A10,plant_3,24,1553459031,3268.5,20190324 15:23:51,15:23:51,1553459031,0.002897099,4.123761125,48.7074,12.94641194,1.300661845,4.893391084,0.193498244,3.46343772,0.187686887,0.117811893,241.6560136,25.50008536,25.0667,3.192343866,53.04594291,1.679182792,3.165525392,1.513161074,-127.7620481,-26.42100089,-1.613556587,85.85940801,-0.041597806,0.046697182,3.482670677,0,0,1,0,53412.11743,MPF-2926-20190324-14_31_12,71.81730769,572.8766923,501.0593846,0.874637407,-1.026024877,MPF-2971-20190324-15_25_40,220.4885,238.472,0.075411369,0.5,1261.1601,4.123761125,47.55290488,0.435573149,0.004083372,1.402280739,DARK-2972-20190324-15_25_43,134.6,103.872,0.173131354,0.762999033,0.107908753,0.667395328,2971,300,300,300,7147.67,235.17,-0.0048373,1.75214,1499.94,1261.1601,0.840807033,0.191614065,1553459031,48.7074,49.9382,16.7141,15.892,500.017,100.265,0.200044,24.9252,25.0667,999.9,0,0,10005,0,6.19662,1499.94,0.973007,0.0269931,0,220.462,4.99951,4012.21,13591.3,41.562,43.125,42.562,43.062,43.937,1454.59,40.35,0,79.29999995,220.4885,-0.875658121,-6.345299147,4013.613846,15,1553459053,15:24:12,119,-0.021,0.109,50,16,0.41,0.09,48.77096667,-0.448581818,0.024213147,1,1.513089366,-0.00604577,0.001109615,1,2,2,2/2,1.87863,1.8837,1.88167,1.87877,1.8785,1.88066,1.8796,1.87554,5,0,0,0,11111111,oooooooo,off,off,off,off,0,100,100,-0.021,0.109,2,514.709,518.121,21.7655,26.4221,30.0001,26.4612,26.4357,5.26425,21.9829,41.2068,21.7185,50,15.9436,100.391,100.341
A10,plant_3,25,1553459114,3351,20190324 15:25:13,15:25:13,1553459114,0.003061552,1.727058453,19.4839,5.4066849,0.543176738,1.957428893,0.206295013,3.465295532,0.19970709,0.125391305,241.6911253,25.41789781,25.025,3.184419915,53.26623682,1.681585119,3.156943721,1.502834796,-135.0144541,-27.14509315,-1.656161699,77.87541629,-0.041626079,0.046728921,3.484541561,0,0,1,0,53455.07055,MPF-2926-20190324-14_31_12,71.81730769,572.8766923,501.0593846,0.874637407,-1.026024877,MPF-2973-20190324-15_27_03,218.7141538,233.461,0.063166208,0.5,1261.3449,1.727058453,39.83718735,0.474002082,0.002182657,1.453843221,DARK-2974-20190324-15_27_06,122.8,110.661,0.133261458,0.75412857,0.09123057,0.677396139,2973,300,300,300,7147.49,228.934,-0.00483721,1.86444,1500.16,1261.3449,0.840806914,0.191613828,1553459114,19.4839,19.9995,16.7382,15.8695,500.043,100.264,0.199916,24.8797,25.025,999.9,0,0,10011.9,0,6.1824,1500.16,0.973011,0.026989,0,218.364,4.99951,3973.67,13593.3,41.625,43.25,42.625,43.187,44,1454.81,40.35,0,81.69999981,218.7141538,-3.740991466,-75.21128208,3981.468846,15,1553459135,15:25:35,120,0.059,0.107,20,16,0.55,0.13,19.42602857,-0.369755844,0.020524275,1,1.506183118,-0.017799939,0.001948471,1,2,2,2/2,1.87866,1.88371,1.8817,1.87881,1.87851,1.88066,1.87966,1.87554,5,0,0,0,11111111,oooooooo,off,off,off,off,0,100,100,0.059,0.107,2,514.752,518.014,21.4204,26.4199,30.0001,26.4549,26.4268,3.94637,21.9391,41.1,21.422,20,15.9255,100.393,100.341
A10,plant_3,26,1553459196,3433.5,20190324 15:26:36,15:26:36,1553459196,0.003189632,0.929399675,9.7459,2.485825505,0.249728248,0.979081807,0.215288647,3.465732689,0.208125395,0.130702106,241.6512256,25.37584325,24.9839,3.176626801,53.0738025,1.674180765,3.154439076,1.502446036,-140.662791,-21.95423824,-1.338924334,77.69527199,-0.041632733,0.04673639,3.484981795,0,0,1,0,53465.58459,MPF-2926-20190324-14_31_12,71.81730769,572.8766923,501.0593846,0.874637407,-1.026024877,MPF-2975-20190324-15_28_25,216.5240385,228.636,0.052974866,0.5,1261.1349,0.929399675,33.40422639,0.409541804,0.001550528,1.505627689,DARK-2976-20190324-15_28_28,135,93.636,0.129351548,0.786158977,0.077235445,0.687025736,2975,300,300,300,7147.41,226.304,-0.00483708,1.52229,1499.91,1261.1349,0.840807049,0.191614097,1553459196,9.7459,10.0231,16.665,15.7598,499.993,100.261,0.199892,24.8664,24.9839,999.9,0,0,10013.8,0,6.14261,1499.91,0.973007,0.0269931,0,216.407,4.99951,3943.66,13591,41.687,43.25,42.687,43.25,44.062,1454.56,40.35,0,82.19999981,216.5240385,-0.656307696,-15.57230768,3946.028077,15,1553459219,15:26:58,121,0.076,0.102,10,16,0.37,0.13,9.744131429,-0.104440519,0.007736273,1,1.505916786,-0.024777273,0.002761922,1,2,2,2/2,1.87865,1.8837,1.88166,1.87877,1.87851,1.88065,1.87963,1.87551,5,0,0,0,11111111,oooooooo,off,off,off,off,0,100,100,0.076,0.102,2,514.66,517.865,21.7082,26.4199,29.9998,26.4509,26.4246,3.51389,22.3407,41.0043,21.7233,10,15.7956,100.394,100.341
A10,plant_3,32,1553459730,3967,20190324 15:35:29,15:35:29,1553459730,0.002355095,25.06518129,392.594,125.5098244,12.60737802,39.43580505,0.157131302,3.456510124,0.153268137,0.096131765,241.6975991,25.52939521,25.0843,3.195693435,53.67614294,1.689738573,3.148025325,1.505954862,-103.8596915,-46.95953819,-2.872524443,88.00584498,-0.041492439,0.046578897,3.475694364,0,0,1,0,53298.59821,MPF-2926-20190324-14_31_12,71.81730769,572.8766923,501.0593846,0.874637407,-1.026024877,MPF-2987-20190324-15_37_19,196.9904615,239.195,0.176444066,0.5,1261.371,25.06518129,111.2807143,0.465707895,0.020684799,1.395019513,DARK-2988-20190324-15_37_21,127.8,111.395,0.378872826,0.749717292,0.252151514,0.665952385,2987,300,300,300,7146.33,231.832,-0.00483637,3.34137,1500.19,1261.371,0.840807498,0.191614996,1553459730,392.594,400.093,16.8218,16.1537,500.11,100.249,0.200332,24.8323,25.0843,999.9,0,0,9981.25,0,6.13977,1500.19,0.972995,0.0270052,0,197.318,4.99951,3609.3,13593.5,42,43.625,43,43.562,44.375,1454.81,40.38,0,80.5,196.9904615,-1.77982907,-34.14837605,3612.875385,15,1553459753,15:35:53,127,0.518,0.118,400,16,0.36,0.23,392.6036667,-0.083376623,0.007160296,1,1.509758705,-0.02973257,0.003096041,1,2,2,2/2,1.87865,1.8837,1.88166,1.87878,1.87851,1.88065,1.8796,1.87554,5,0,0,0,11111111,oooooooo,off,off,off,off,0,100,100,0.518,0.118,2,514.526,519.329,21.2408,26.4623,30.0002,26.482,26.4513,20.447,20.2826,42.6944,21.1833,400,16.2108,100.393,100.335
A10,plant_3,33,1553459814,4051.5,20190324 15:36:54,15:36:54,1553459814,0.002143434,25.00424772,392.581,102.4729506,10.29362482,39.43559254,0.143609669,3.454713044,0.140373758,0.088018259,241.6576995,25.45981528,25.0213,3.183717661,53.96660439,1.687053124,3.126105752,1.496664537,-94.52545278,-56.99264983,-3.484905876,86.65469099,-0.041465121,0.04654823,3.473884654,0,0,1,0,53285.91928,MPF-2926-20190324-14_31_12,71.81730769,572.8766923,501.0593846,0.874637407,-1.026024877,MPF-2989-20190324-15_38_43,197.5791154,241.278,0.181114253,0.5,1261.161,25.00424772,114.2071159,0.460373511,0.020639928,1.374342842,DARK-2990-20190324-15_38_46,130.2,111.078,0.393407197,0.749076466,0.25787033,0.661795193,2989,300,300,300,7146.17,232.626,-0.00483625,3.09819,1499.94,1261.161,0.840807633,0.191615265,1553459814,392.581,400.04,16.7946,16.1864,500.005,100.252,0.200117,24.7153,25.0213,999.9,0,0,9974.38,0,6.13977,1499.94,0.972991,0.0270094,0,197.033,4.99951,3620.03,13591.2,42.062,43.687,43.062,43.562,44.375,1454.56,40.38,0,84.20000005,197.5791154,-1.980136729,-34.41470081,3623.957308,15,1553459834,15:37:14,128,0.46,0.119,400,16,0.41,0.19,392.6358095,0.026493506,0.008926254,1,1.501581542,-0.033074043,0.003394944,1,2,2,2/2,1.8786,1.8837,1.88167,1.87875,1.87845,1.88066,1.8796,1.87549,5,0,0,0,11111111,oooooooo,off,off,off,off,0,100,100,0.46,0.119,2,514.198,519.586,20.9792,26.4623,30,26.4842,26.4535,20.4472,20.6156,43.1219,20.9733,400,16.2012,100.394,100.334
A10,plant_3,34,1553459895,4132.5,20190324 15:38:15,15:38:15,1553459895,0.002291018,24.77214061,392.621,120.5609014,12.11057644,39.43954113,0.152261982,3.458300602,0.148633389,0.09321468,241.6561035,25.42417843,24.9954,3.178805675,53.35721174,1.66780356,3.125732221,1.511002115,-101.0338921,-52.59582478,-3.212267295,84.81411927,-0.041519663,0.046609459,3.47749743,0,0,1,0,53353.53402,MPF-2926-20190324-14_31_12,71.81730769,572.8766923,501.0593846,0.874637407,-1.026024877,MPF-2991-20190324-15_40_04,198.4943846,240.932,0.176139389,0.5,1261.1526,24.77214061,111.0693245,0.433865157,0.020456022,1.377752612,DARK-2992-20190324-15_40_07,136.4,104.532,0.405977264,0.760509549,0.250939849,0.66248573,2991,300,300,300,7146.12,234.406,-0.00483626,2.68446,1499.93,1261.1526,0.840807638,0.191615276,1553459895,392.621,400.032,16.603,15.9526,499.854,100.252,0.19994,24.7133,24.9954,999.9,0,0,9987.5,0,6.13977,1499.93,0.972991,0.0270094,0,198.034,4.99951,3634.74,13591.2,42.062,43.687,43.062,43.562,44.375,1454.55,40.38,0,80.39999986,198.4943846,-1.925948713,-43.34085475,3639.744615,15,1553459918,15:38:38,129,0.494,0.111,400,16,0.34,0.21,392.5974762,-0.232987013,0.015487688,1,1.50891318,0.015450517,0.001874758,1,2,2,2/2,1.87865,1.88372,1.8817,1.8788,1.87851,1.88067,1.87963,1.87557,5,0,0,0,11111111,oooooooo,off,off,off,off,0,100,100,0.494,0.111,2,514.181,519.537,21.5115,26.4623,30.0014,26.4842,26.4557,20.4396,22.1845,43.1319,21.2698,400,16.0378,100.395,100.333
A10,plant_3,35,1553459990,4227.5,20190324 15:39:50,15:39:50,1553459990,0.002083597,26.25706254,492.113,175.3723884,17.61667955,49.43421882,0.13874053,3.462072256,0.135724115,0.085093122,241.6497195,25.52218739,25.0408,3.18742025,53.66419407,1.682677873,3.135569074,1.504742377,-91.88660704,-51.30932613,-3.131826139,95.32196023,-0.04157703,0.046673859,3.481295607,0,0,1,0,53414.83211,MPF-2926-20190324-14_31_12,71.81730769,572.8766923,501.0593846,0.874637407,-1.026024877,MPF-2993-20190324-15_41_39,199.6448077,244.818,0.184517447,0.5,1261.119,26.25706254,116.3492291,0.449386891,0.021634031,1.340010507,DARK-2994-20190324-15_41_42,134.8,110.018,0.410598196,0.748861325,0.261115674,0.654730162,2993,300,300,300,7145.95,237.374,-0.00483616,3.05054,1499.89,1261.119,0.840807659,0.191615319,1553459990,492.113,499.986,16.7509,16.1597,500.045,100.253,0.199983,24.7659,25.0408,999.9,0,0,10001.2,0,6.13977,1499.89,0.972991,0.0270094,0,199.41,4.99951,3657.91,13590.8,42.062,43.687,43.125,43.562,44.437,1454.51,40.38,0,94.29999995,199.6448077,-1.689606835,-23.24512826,3661.019231,15,1553460013,15:40:12,130,0.49,0.118,500,16,0.29,0.2,492.108,0.418753247,0.025480151,1,1.510325207,-0.011427011,0.001667287,1,2,2,2/2,1.87859,1.8837,1.88157,1.87872,1.87849,1.88065,1.8796,1.87546,5,0,0,0,11111111,oooooooo,off,off,off,off,0,100,100,0.49,0.118,2,514.307,519.919,21.3008,26.4578,30.0004,26.4865,26.4577,24.4589,20.9612,43.5563,21.2546,500,16.1454,100.39,100.335
A10,plant_3,36,1553460079,4316.5,20190324 15:41:19,15:41:19,1553460079,0.001801713,27.08481068,591.928,213.0629573,21.40315373,59.46188928,0.11936014,3.478341102,0.117130515,0.073403426,241.6832201,25.49985795,25.0547,3.190061828,53.91572273,1.682333244,3.120301757,1.507728585,-79.45554286,-69.4777626,-4.219518759,88.53039592,-0.041824803,0.046952005,3.497679012,0,0,1,0,53734.6539,MPF-2926-20190324-14_31_12,71.81730769,572.8766923,501.0593846,0.874637407,-1.026024877,MPF-2995-20190324-15_43_08,200.5429231,247.144,0.188558399,0.5,1261.295392,27.08481068,118.9139198,0.470753892,0.022287274,1.317987458,DARK-2996-20190324-15_43_11,130.8,116.344,0.400545597,0.736823945,0.265795677,0.650087998,2995,300,300,300,7145.84,239.166,-0.00483602,1.89421,1500.1,1261.295392,0.840807541,0.191615082,1553460079,591.928,600.053,16.7472,16.2359,499.967,100.255,0.199598,24.6842,25.0547,999.9,0,0,10060.6,0,6.13977,1500.1,0.972995,0.0270052,0,200.598,4.99951,3673.14,13592.7,42.062,43.75,43.125,43.625,44.437,1454.73,40.38,0,88.29999995,200.5429231,-2.131076912,-29.03931622,3676.638462,15,1553460097,15:41:37,131,0.554,0.121,600,16,0.3,0.32,591.8561429,0.285662338,0.026418402,1,1.511573393,-0.015540525,0.001891543,1,2,2,2/2,1.87863,1.8837,1.88163,1.87876,1.87851,1.88066,1.87959,1.87552,5,0,0,0,11111111,oooooooo,off,off,off,off,0,100,100,0.554,0.121,2,514.05,520.485,20.83,26.4623,30.0001,26.4887,26.4579,28.3455,20.8743,43.9684,20.7714,600,16.2625,100.39,100.334
A10,plant_3,37,1553460159,4395.9,20190324 15:42:38,15:42:38,1553460159,0.001461001,27.52568166,691.77,217.1137816,21.80977325,69.4905074,0.096283174,3.450806241,0.094815251,0.059389555,241.6800433,25.4817415,25.0108,3.181725517,53.88264797,1.671239822,3.101628975,1.510485695,-64.43012368,-79.43902281,-4.859448871,92.95144793,-0.041405754,0.046481586,3.469950402,0,0,1,0,53236.21936,MPF-2926-20190324-14_31_12,71.81730769,572.8766923,501.0593846,0.874637407,-1.026024877,MPF-2997-20190324-15_44_28,201.4773077,247.956,0.187447339,0.5,1261.2786,27.52568166,118.2116585,0.491845327,0.022637113,1.310396572,DARK-2998-20190324-15_44_30,126,121.956,0.381110337,0.727092502,0.263875539,0.648467432,2997,300,300,300,7145.81,240.998,-0.00483599,2.8436,1500.08,1261.2786,0.840807557,0.191615114,1553460159,691.77,700.005,16.637,16.2224,500.036,100.253,0.200196,24.5838,25.0108,999.9,0,0,9960,0,6.13977,1500.08,0.972991,0.0270094,0,200.981,4.99951,3688.59,13592.5,42.125,43.687,43.125,43.625,44.437,1454.7,40.38,0,79.0999999,201.4773077,-2.749401706,-46.59692301,3693.198462,15,1553460177,15:42:56,132,0.485,0.118,700,16,0.28,0.19,691.752381,0.300467532,0.024094015,1,1.514671375,-0.00841776,0.001241092,1,2,2,2/2,1.87856,1.8837,1.8816,1.87875,1.8785,1.88065,1.87958,1.87549,5,0,0,0,11111111,oooooooo,off,off,off,off,0,100,100,0.485,0.118,2,514.364,520.616,20.8836,26.4623,30,26.4887,26.4602,32.1362,21.2397,44.552,20.8711,700,16.227,100.391,100.333
A10,plant_3,38,1553460250,4486.9,20190324 15:44:09,15:44:09,1553460250,0.001312193,27.23609786,791.885,271.6025029,27.28191246,79.54321855,0.08692875,3.461935958,0.085734086,0.053689771,241.6832201,25.48149698,25.0156,3.182636076,54.34451393,1.682472894,3.095938803,1.500163182,-57.86771723,-86.32094976,-5.262768413,92.23178473,-0.041574957,0.046671531,3.481158351,0,0,1,0,53450.3667,MPF-2926-20190324-14_31_12,71.81730769,572.8766923,501.0593846,0.874637407,-1.026024877,MPF-2999-20190324-15_45_59,201.3349615,249.429,0.192816547,0.5,1261.295392,27.23609786,121.599311,0.474800444,0.02240722,1.296752552,DARK-3000-20190324-15_46_01,131,118.429,0.406100182,0.731986316,0.270781939,0.64552766,2999,300,300,300,7145.82,239.91,-0.004836,2.02356,1500.1,1261.295392,0.840807541,0.191615082,1553460250,791.885,800.044,16.7497,16.3774,500.075,100.248,0.199942,24.5531,25.0156,999.9,0,0,10001.2,0,6.13977,1500.1,0.972995,0.0270052,0,201.113,4.99951,3686.29,13592.8,42.125,43.75,43.125,43.625,44.437,1454.73,40.38,0,90.69999981,201.3349615,-2.197230754,-38.13162395,3690.489615,15,1553460267,15:44:27,133,0.77,0.128,800,16,0.43,0.2,791.5362857,0.48,0.026608525,1,1.504969646,-0.028040969,0.002930149,1,2,2,2/2,1.87862,1.8837,1.88168,1.87881,1.87851,1.88067,1.87961,1.87554,5,0,0,0,11111111,oooooooo,off,off,off,off,0,100,100,0.77,0.128,2,514.35,521.002,21.0631,26.46,30.0002,26.491,26.4624,35.8231,20.6245,45.2772,21.0521,800,16.3595,100.389,100.335
A10,plant_3,39,1553460336,4572.9,20190324 15:45:35,15:45:35,1553460336,0.001277799,28.12887554,891.708,336.3870515,33.78978902,89.57129906,0.084269219,3.464039584,0.0831467,0.052066296,241.6465124,25.47684295,25.0523,3.189605592,54.41048369,1.683346728,3.093791147,1.506258864,-56.35092421,-95.39358669,-5.813107801,84.08889373,-0.041606965,0.046707463,3.483276776,0,0,1,0,53491.9374,MPF-2926-20190324-14_31_12,71.81730769,572.8766923,501.0593846,0.874637407,-1.026024877,MPF-3001-20190324-15_47_25,201.5925385,250.375,0.19483759,0.5,1261.102192,28.12887554,122.8550558,0.478382426,0.023118587,1.288074657,DARK-3002-20190324-15_47_27,130.6,119.775,0.407284171,0.729185367,0.2732028,0.643639661,3001,300,300,300,7145.83,241.3,-0.00483604,2.86827,1499.87,1261.102192,0.840807665,0.19161533,1553460336,891.708,900.155,16.7582,16.3956,499.99,100.249,0.200137,24.5415,25.0523,999.9,0,0,10008.8,0,6.13977,1499.87,0.972991,0.0270094,0,201.45,4.99951,3690.12,13590.6,42.125,43.75,43.125,43.687,44.437,1454.5,40.38,0,85.29999995,201.5925385,-3.321914527,-38.35794876,3694.847308,15,1553460359,15:45:58,134,0.795,0.13,900,16,0.39,0.19,891.64,0.297038961,0.02619342,1,1.508421423,-0.012001486,0.001409423,1,2,2,2/2,1.87859,1.8837,1.88166,1.8788,1.87851,1.88065,1.87964,1.87555,5,0,0,0,11111111,oooooooo,off,off,off,off,0,100,100,0.795,0.13,2,514.307,521.449,20.8789,26.4556,30.0002,26.4865,26.458,39.4364,20.8686,46.0278,20.8368,900,16.439,100.391,100.333
A10,plant_3,40,1553460428,4664.9,20190324 15:47:07,15:47:07,1553460428,0.001079876,27.36952968,991.724,356.1287518,35.77173033,99.6147694,0.071423906,3.460528797,0.07061494,0.044206256,241.6832201,25.45436304,25.0049,3.180606599,54.57850537,1.681718176,3.081282942,1.498888423,-47.62252234,-99.08415554,-6.04062681,88.93591545,-0.041553551,0.046647501,3.479741293,0,0,1,0,53438.16794,MPF-2926-20190324-14_31_12,71.81730769,572.8766923,501.0593846,0.874637407,-1.026024877,MPF-3003-20190324-15_48_57,201.6610769,246.876,0.183148314,0.5,1261.295392,27.36952968,115.502062,0.490432444,0.022513009,1.320503785,DARK-3004-20190324-15_49_00,125.8,121.076,0.373442491,0.72918293,0.258284364,0.650622865,3003,300,300,300,7145.79,240.68,-0.00483608,2.75259,1500.1,1261.295392,0.840807541,0.191615082,1553460428,991.724,999.931,16.7425,16.4361,500.056,100.246,0.200061,24.4738,25.0049,999.9,0,0,9996.25,0,6.13977,1500.1,0.972995,0.0270052,0,201.298,4.99951,3691.35,13592.7,42.125,43.75,43.125,43.625,44.437,1454.73,40.38,0,91.69999981,201.6610769,-1.524649571,-31.79555557,3694.310769,15,1553460449,15:47:29,135,0.825,0.129,1000,16,0.39,0.25,991.7366667,0.390857143,0.042387479,1,1.504755019,-0.018150372,0.002195346,1,2,2,2/2,1.87858,1.88371,1.8816,1.87881,1.87849,1.88065,1.87959,1.87554,5,0,0,0,11111111,oooooooo,off,off,off,off,0,100,100,0.825,0.129,2,514.225,521.675,20.7388,26.4467,30.0002,26.4798,26.4535,42.9928,21.2572,46.4068,20.7335,1000,16.4012,100.39,100.336
A10,plant_3,41,1553460520,4756.9,20190324 15:48:39,15:48:39,1553460520,0.001017764,27.71970743,1191.621,502.5248045,50.47458988,119.688781,0.066974815,3.456830832,0.066262199,0.041477268,241.6832201,25.43692488,24.9981,3.179317426,54.42782206,1.673835581,3.075330809,1.505481845,-44.88338382,-103.7305719,-6.329412325,86.73985211,-0.041497315,0.046584371,3.476017326,0,0,1,0,53374.4928,MPF-2926-20190324-14_31_12,71.81730769,572.8766923,501.0593846,0.874637407,-1.026024877,MPF-3005-20190324-15_50_29,201.8976923,250.283,0.19332239,0.5,1261.295392,27.71970743,121.9183198,0.470998829,0.022790642,1.288915717,DARK-3006-20190324-15_50_31,132.4,117.883,0.410451954,0.732374035,0.271118258,0.643823272,3005,300,300,300,7145.82,241.94,-0.00483605,2.5152,1500.1,1261.295392,0.840807541,0.191615082,1553460520,1191.621,1199.97,16.6647,16.3759,500.055,100.242,0.199987,24.4415,24.9981,999.9,0,0,9983.12,0,6.13977,1500.1,0.972995,0.0270052,0,201.293,4.99951,3695.44,13592.7,42.125,43.75,43.125,43.625,44.437,1454.73,40.38,0,91.39999986,201.8976923,-3.25962393,-37.3774359,3699.258846,15,1553460546,15:49:05,136,0.756,0.127,1200,16,0.56,0.2,1191.687143,0.478441558,0.034934341,1,1.507339692,-0.021670261,0.002358119,1,2,2,2/2,1.87853,1.8837,1.88156,1.8787,1.87847,1.88065,1.87958,1.87547,5,0,0,0,11111111,oooooooo,off,off,off,off,0,100,100,0.756,0.127,2,514.382,522.112,20.9611,26.4467,29.9998,26.4798,26.4535,49.8843,21.6781,46.7096,20.9651,1200,16.4245,100.39,100.337
A10,plant_3,42,1553460615,4851.9,20190324 15:50:14,15:50:14,1553460615,0.000996226,28.86764859,1491.41,753.6808157,75.69892031,149.7956753,0.065617961,3.474166985,0.064937143,0.040646295,241.6832201,25.45081492,25.0238,3.184192142,54.6037917,1.680635141,3.077872595,1.503557001,-43.9335769,-106.4796467,-6.466020824,84.80397575,-0.041761182,0.046880585,3.49347548,0,0,1,0,53697.28928,MPF-2926-20190324-14_31_12,71.81730769,572.8766923,501.0593846,0.874637407,-1.026024877,MPF-3007-20190324-15_52_04,201.7896923,251.564,0.197859422,0.5,1261.295392,28.86764859,124.7795888,0.460177132,0.023700771,1.277260229,DARK-3008-20190324-15_52_07,135.8,115.764,0.429963613,0.735140304,0.276913622,0.641266688,3007,300,300,300,7145.84,241.984,-0.00483598,2.71837,1500.1,1261.295392,0.840807541,0.191615082,1553460615,1491.41,1500.17,16.7329,16.4502,500,100.239,0.199964,24.4553,25.0238,999.9,0,0,10046.9,0,6.13977,1500.1,0.972995,0.0270052,0,201.749,4.99951,3694.35,13592.7,42.062,43.687,43.125,43.625,44.437,1454.73,40.38,0,94.29999995,201.7896923,-1.02153845,-30.88410259,3697.486154,15,1553460640,15:50:39,137,0.986,0.134,1500,17,0.55,0.26,1491.099524,0.388051948,0.043586388,1,1.506650475,-0.006392241,0.001156535,1,2,2,2/2,1.87857,1.8837,1.88158,1.87874,1.87848,1.88065,1.87958,1.87547,5,0,0,0,11111111,oooooooo,off,off,off,off,0,100,100,0.986,0.134,2,514.426,523.122,20.8517,26.4377,30.0001,26.4754,26.447,59.7599,21.3558,47.459,20.8272,1500,16.5405,100.39,100.334
